;Übersetzung;;;;;;;;;;Vorlage;;;;Intermediärübersetzung;;;;Klassifizierung;Anmerkungen;
Status;VD 16/17/18;Autor;Jahr;Titel;Sprache;Ort;Drucker;Bezeichnung des Übersetzungsvorgangs (Titelblatt);Beschreibung des Übersetzungsvorgangs (Titelblatt);Digitalisat;Autor2;Jahr2;Titel2;Sprache2;Autor3;Jahr3;Titel3;Sprache3;;Anmerkungen;
;VD16 F 1128;Johann Fischart;1575;Affentheurliche und Ungeheurliche Geschichtschrift ;Deutsch;Straßburg;Jobin, Bernhard;inn einen Teutschen Model vergossen;;https://digital.staatsbibliothek-berlin.de/werkansicht/?PPN=PPN846204134;François Rabelais ;1532-1564 ;Gargantua und Pantagruel;Französisch;;;;;;Neuer Titel: Affentheurlich Naupengeheurliche Geschichtklitterung (1582 Straßburg: Jobin, Berhard);
;VD17 23:282150K;Aegidius Albertinus;1615;Der Landtstörtzer: Gusman Von Alfarche oder Picaro genandt;Deutsch;München?;Heinrich, Nikolaus / [Mateo Alemán];"verteutscht; E2: übersetzt";verteutscht/ theils gemehrt und gebessert — Edition 1670: auß der Spanischen/ in unsere Teutsche Mutter-Sprach übersetzt (Frankfurt: Schiele, Johann Georg);http://diglib.hab.de/drucke/p-1883-8f-helmst/start.htm;Mateo Alemán;1599-1605;La vida del Pícaro Guzmán ;Spanisch;;;;;;;
;VD17 32:735373P/VD17 23:271778H (nicht identisch);Niklas Ulenhart;1617;History von Isaac Winckelfelder/ unnd Jobst von der Schneid;Deutsch;München/Augsburg;Heinrich, Nicolaus/Aperger, Andreas;transferiert; ins Teutsche gantz trewlich transferirt;http://haab-digital.klassik-stiftung.de/viewer/epnresolver?id=1706616716;Miguel de Cervantes Saavedra;1613;Rinconete y Cortadillo;Spanisch;;;;;;;
;VD17 3:310615U;Martin Opitz;1626; Johann Barclayens Argenis;Deutsch;Breßlau;Müller, David;Deutsch gemacht;;http://diglib.hab.de/drucke/69-2-pol/start.htm ;John Barclay;1621;Argenis;Französisch;;;;;;"s. Übersetzung von ""Argenis"" von Talandern (August Bohnse?) (1701)";
;VD17 12:191013X;Martin Opitz;1638;Arcadia Der Gräffin von Pembrock ;Deutsch;Frankfurt am Main;Hoffmann, Wolfgang;ubersetzt;die Gedichte aber und Reymen gantz anderst gemacht und ubersetzt;http://mdz-nbn-resolving.de/urn:nbn:de:bvb:12-bsb10923548-7;Philip Sidney; 1570-1589;The Countess of Pembroke's Arcadia;Englisch;;;;;;s. Übersetzung von Arcadia von Valentinus Theocritus von Hirschhausen ( Pseud. für Daniel Mögling) 1628 | Vorlage für Opitz: Alte oder Neue Arcadia?;
;—;Theocritus von Hirschberg [Valentin Theocrit];1629;Arcadia ;Deutsch;Frankfurt am Main;;;;;Philip Sidney; 1570-1589;The Countess of Pembroke's Arcadia;Englisch;"""un Gentilhomme Francois""";1625;L' Arcadie de la Comtesse de Pembrok composée par...Philippes Sidney;Französisch;;s. Übersetzung von Arcadia von Martin Opitz;
;VD17 39:120948B;"Hans Ludwig von Kuffstein
 ";1628;Diana (Teil 1-2);Deutsch;Leipzig;Wachsmann, Michael; in die Hochdeutsche Sprache versetzet;;https://nbn-resolving.org/urn:nbn:de:urmel-04d40b3d-8db0-4ac2-b148-7d89c22201bd9 ;Jorge de Montemayor;1559;La Diana;Spanisch;;;;;;s. Diana um Teil 3 erweitert durch Georg Philipp Harsdörffer: Übersetzung der La Diana (Jorge de Montemayor) und der Fortsetzung von La Diana durch Gaspar Gil Polo (1646) unter dem Titel Diana enmorada nach Tod von Jorge de Montemayor;
;VD17 23:239115L;Johann Michael Moscherosch ;1640;Gesichte Philanders von Sittewald I;Deutsch;Frankfurt am Main;Schönwetter, Johann Gottfried;keine Beschreibung: verstand er sich selbst als Übersetzer?;; http://mdz-nbn-resolving.de/urn:nbn:de:bvb:12-bsb10114910-7;Francisco de Quevedo;1628;"Sueños y
discursos de verdades descubridoras de abusos";Spanisch;Sieur de La Geneste ;ab 1632;Visions de Don Quevedo;Französisch;;;
;VD17 23:286745R;Georg Philipp Harsdörffer ;1649;Der schönen Diana (Erweiterung um Teil 3);Deutsch;Nürnberg;Endter, Michael;"gedolmetscht; E2: geteutschet (Teil 1-2), gedolmetscht (Teil 3)";Anjetzo Das erstemal gedolmetscht und mit neuüblichen Reimarten außgezieret. Durch Einen Liebhaber der Teutschen Sprache — Edition 1646 (Diana: Teil 1-2 (Kuffstein), Teil 3 (Harsdörffer)): in zweyen Theilen Spanisch beschrieben/ und aus denselben geteutschet Durch ... Johann Ludwigen Freyherrn von Kueffstein/ etc. An jetzo aber Mit deß Herrn C. G. Polo zuvor nie-gedolmetschten dritten Theil vermehret/ und Mit reinteutschen Red- wie auch neu-üblichen Reim-arten ausgezieret. Durch G. P. H. (Nürnberg: Endter, Michael).; http://mdz-nbn-resolving.de/urn:nbn:de:bvb:12-bsb10780363-5 ;Gaspar Gil Polo ;1646;La Diana (Fortsetzung) ;Spanisch;;;;;;s. Übersetzung von La Diana (Jorge de Montemayor) von Hans Ludwig von Kuffstein (Teil 1-2) ;
; VD17 3:303079R (Früher auch unter VD17 3:303078H);Georg Philipp Harsdörffer ;1649-1650;Der Grosse Schau-Platz jämmerlicher Mordgeschichte;Deutsch;Hamburg (4. Auflage);Naumann, Johann;verdolemtscht;; http://purl.uni-rostock.de/rosdok/ppn766611493;Jean-Pierre Camus;1630;L' Amphithéâtre sanglant;Französisch;;;;;;Teilübersetzung;
;VD17 23:290933G;Georg Philipp Harsdörffer ;1652-1653;Heraclitus und Democritus;Deutsch;Nürnberg;Endter, Michael;gedolmetscht;Edition 1661: Gedolmetschet ... Vermehret (Nürnberg: Endter, Michael);Digitalisierung nicht möglich;Jean-Pierre Camus;;Héraclite et Démocrite;Französisch;;;;;;;
;"VD17 23:287039
	
";Joachim Caesar;1648;Don Kichote de la Mantscha;Deutsch;Frankfurt am Main, Hofgeismar;" Götze, Thomas Matthias; Schadewitz, Salomon";übersetzt;in hochteutsche [sprach] übersetzt; http://mdz-nbn-resolving.de/urn:nbn:de:bvb:12-bsb10607205-0 ;Miguel de Cervantes ;1606-1615;El ingenioso hidalgo Don Quixote de la Mancha;Spanisch;;;;;;Teilübersetzung;
;VD17 3:609435P;Johann Wilhelm von Stubenberg ;1650;Eromena;Deutsch;Nürnberg;Endter, Michael;übersetztet;;http://mdz-nbn-resolving.de/urn:nbn:de:bvb:12-bsb10926150-3;Giovanni Francesco Biondi;1624;L'Eromena (in 6 Bänden);Italienisch;;;;;;;
;VD17 23:256135S;Johann Wilhelm von Stubenberg ;1653; König Demetrius;Deutsch;Nürnberg;Endter, Michael;gehochdeutschet;anjetzo aber bestem Vermögen nach gehochdeutschet ; http://nbn-resolving.de/urn:nbn:de:gbv:3:1-378861 ;Luca Assarino;1643;Il Demetrio;Italienisch;;;;;;;
;VD17 23:244487U;Johann Wilhelm von Stubenberg ;1656;Printz Kalloandro ;Deutsch;Nürnberg;Endter, Michael;übersetzt;Zu mehrer Ausübung und Ausschmückung unserer hochdeutschen Sprache/ in selbiger aus dem Italianischen übersetzt;Digitalisierung nicht möglich;Giovanni Ambrogio Marini;1656;Il Calloandro fedele;Italienisch;;;;;;;
;VD17 39:120256E;Johann Wilhelm von Stubenberg ;1664;Clelia: Eine römische Geschichte;Deutsch;Nürnberg;Endter, Michael;übersetzet;ins Hochdeutsche übersetzet; http://nbn-resolving.de/urn:nbn:de:gbv:3:1-507317 ;Madeleine de Scudéri;1654–60 ;Clélie, histoire romaine;Französisch;;;;;;;
;VD17 547:687240P;Johanna Laurentia Adlershelm;1666;Verteutschte Stratonica ;Deutsch;Amsterdam;Vlacq, Adriaan;—;—;http://mdz-nbn-resolving.de/urn:nbn:de:bvb:12-bsb10926135-0 ;Luca Assarino;1635;La Stratonica;Italienisch;;;;Französisch;;;
;—;Veit Daniel von Colewaldt ;1635; La Stratonica;Deutsch;; ;übersetzt; in vnsere Hoch-Teutsche übersetzt ;;Luca Assarino;1635;La Stratonica;Italienisch;;;;;;s. Übersetzung von La Stratonica von Johanna Laurentia von Adlershelm (1663);
; VD17 23:280429R;Veit Daniel von Colewaldt ;1655;[?] Wort-zucht-Peitschen/ Deß Ritters Marino. Vor die vier falschen Schriffts-Diener;Deutsch;Wien; Rickhes, Matthäus;ubersetzt; in die Hoch-teutsche Sprach ubersetzt;Digitalisierung nicht möglich;Giambattista Marino;1625; La sferza invettiva a quattro ministri dell'iniquitá ;Italienisch;;;;;;(eher theologische Streitschrift/Satire als Roman);
;VD17 547:687240P;Johanna Laurentia von Adlershelm ;1666;Verteutschte Stratonica;Deutsch;Amsterdam; Vlacq, Adriaan/Peter le Grande?;verteuscht;;http://mdz-nbn-resolving.de/urn:nbn:de:bvb:12-bsb10926135-0;Luca Assarino;1635;La Stratonica;Italienisch;Brosse?;1645;La Stratonice, Ou Le Malade d'Amour: Tragi-Comédie?;Französisch;;s. Übersetzung von La Stratonica von Veit Daniel von Colewaldt (1652);
;—;anonym;1473;Liber consolationis et consilii;Deutsch;Augsburg; Bämler, Johann;in teutsch beschriben;den leutten z°u nucz in teutsch beschriben;;Albertano  da Brescia;1246;Liber consolationis et consilii;Latein;;;;;Exempel, Novelle (Moral, didaktisch);;
;" VD17 75:706719M
";Capigliato Ancorano;1666;Dorispillo;Deutsch;Nürnberg;Gerhard, Christoph;übersetzet;in welscher Sprach beschrieben, und aus derselben in die Teutsche übersetzet ;;Silvio Aprile;1670;Il Dorispillo;Italienisch;;;;;Roman;;
;VD17 23:328620A;anonym;1626-1627;Die Landstörtzerin IUSTINA DIETZIN PICARA genandt;Deutsch;Frankfurt a.M.;"Weiß, Friedrich; Rötel, Kaspar";"transferiert (Intermed-); in vnser hochteusche Spraach versetzt (Üb.)";Nachmals [...] in Jtalianisch transferiert vnd nun zum letzten auch in vnser hochteusche Spraach versetzt;Digitalisierung geplant;Francisco López de Úbeda;1605;Medina del Campo;Spanisch;Barezzo Barezzi;1624;Vita della Picara Giustina Diez;Italienisch;Pícaroroman; Barezzi war dem dialektalen Spanisch der Vorlage nicht gewachsen, ließ Passagen aus oder umschrieb ihren Sinn, Auffüllung des Textes mit Dante- u. Petrarcazitaten, eigenen Sonetten im Berni-Stil u. Apologen; 
;—;Arigo [Schlüsselfelder, Heinrich bzw. Österreicher (?)];1473;Decamerone, deutsch  ;Deutsch;Ulm;Zainer, Johann;in teutsche zungenn schreiben;han ich Arigo in das wercke machen vnd in teutsche zungenn schreiben wöllen;;Giovanni Boccaccio;1349 - 1353;Decamerone;Italienisch;Francesco Petrarca;?;Epistola...de historia Griseldis mulieris maxime constantie et patientie;Latein;"Sammlung; Novelle";s. andere Decamerone-Übersetzungen;
;VD16 B 5819;[Arigo (?)];1509;Cento Novella. Das bu°ch der hundert nüwen Historien;Deutsch;Straßburg;Grüninger, Johann;—;—;;Giovanni Boccaccio; 1349 -1353;Decamerone;Italienisch;Francesco Petrarca;?;Epistola...de historia Griseldis mulieris maxime constantie et patientie;Latein;"Sammlung; Novelle";s. andere Decamerone-Übersetzungen;
;—;Heinrich Steinhöwel;1471;Historia Griseldis, deutsch ;Deutsch;Augsburg;Zainer, Günther; in teütsch gebracht (Einleitung);Zu Beginn des Werkes: [...] von mir uß latein in teütsch gebracht;;Giovanni Boccaccio;1349- 1353;Decamerone;Italienisch;?Francesco Petrarca;?;Epistola...de historia Griseldis mulieris maxime constantie et patientie;Latein;Novellensammlung;(Übersetzung der 100. Novelle), s. andere Decamerone-Übersetzungen;
;—;Niklas Wyle;1476-1477;De duobus amantibus, deutsch ;Deutsch;Ulm;Zainer, Johann;—;—;;Giovanni Boccaccio;1349 -1353;Decamerone;Italienisch;?Francesco Petrarca;?;Epistola...de historia Griseldis mulieris maxime constantie et patientie;Latein;Novellensammlung;s. andere Decamerone-Übersetzungen;
;VD16 B 5831;anonym;1530;Ein seer lustig vnd Kürtzweilig Histori ;Deutsch;Nürnberg;Wachter, Georg;—;—;;Giovanni Boccaccio; 1349- 1353;Decamerone;Italienisch;?Francesco Petrarca;?;Epistola...de historia Griseldis mulieris maxime constantie et patientie;Latein;Novellensammlung;s. andere Decamerone-Übersetzungen;
;VD17 7:667444Y ;Johann Fiedler;1653;Marggraf Walther, Das ist: Eine wunderliche und lustige Historia ;Deutsch;Dresden;[Christian und Melchior] Bergen;ins Deutsche versetzt; ins Deutsche versetzt ;http://resolver.sub.uni-goettingen.de/purl?PPN1765938317;Giovanni Boccaccio;1349-1353;Decamerone;Italienisch;?Francesco Petrarca;?;Epistola...de historia Griseldis mulieris maxime constantie et patientie;Latein;Novellensammlung;s. andere Decamerone-Übersetzungen;
;—;M. v. Cochem;1687;Wunderlich Gedult der Gräfin Griseldis;Deutsch;Dillingen;?;—;—;;Giovanni Boccaccio;1349-1353;Decamerone;Italienisch;Francesco Petrarca;?;Epistola...de historia Griseldis mulieris maxime constantie et patientie;Latein;Novellensammlung;;
;—;?;1499;Il Ficolo, deutsch ;Deutsch;Metz;Hochfeder, Kaspar ;—;—;;Giovanni Boccaccio;1472;Il Filocolo;Italienisch;;;;;Abenteuerroman;;
;—;Heinrich Steinhöwel;1477-1478;Vita et Fabulae, deutsch ;Deutsch;Augsburg;Zainer, Günther;—;—;;Giovanni Francesco Bracciolini, ge. Il Poggio;1470;Facetiae;Latein;;;;;Fazetien (Teilsammlung);;
;VD16 ZV 25698;[Jakob Henrichmann ?];1558;Die Geschwenck Henrici Bebelij ;Deutsch;o.O.;o.Dr.;in das Teütsch gebracht;Durch ein gu°ten Gesellen auß Latein in das Teütsch gebracht;;Giovanni Francesco Bracciolini, ge. Il Poggio;1470;Facetiae;Latein;;;;;Fazetien (Teilsammlung);;
;VD17 23:669575Q;anonym;1673;Der von seinem Trohn gestürzte Hochmuth ;Deutsch;Frankfurt am Main [u. Leipzig];;—;[Auß dem Jtaliänischen];;Girolamo Brusoni;1641;L'ambizione scalpestata;Italienisch;;;;;"Fürstenspiegel; moderne Novelle";;
;VD16 E 4321;Johann Christoph Artopeo gen. Wolckenstern [=J. Fischart];1573;ISMENIVS oder ein vorbild Stäter Liebe ;Deutsch;Straßburg;Jobin, Bernhard;"transferiert; in Teutsch gefertigt";Erstlich durch Eustachium Philosophum in Griechischer sprach beschriben/ nachmals durch Lelium Carani in Jtaliano transferiert/ jetzo aber von Joh. Christ. Artopeo/ genant Wolckenstern in Teutsch gefertigt;;Eustathios <Makrembolites>;1151-1200;Τὰ καθ' Ὑσμίνην καì Ὑσμινίαν (11 Bände);Griechisch ;Lelio Carani;1550;Gli  amori d'Ismenio;Italienisch;Roman, antikisierend ;(Übersetzungen einer lat. Zwischenfassung von Magister Georg Schirmer, Leipzig 1663);
;VD17 3:304672Z;J.M.F.V.H (unaufgelöst);1691;"[?] Der grosse Weltliche Lust- Oder Historien Garten (Daraus: ""Esther-Novell)";Deutsch;Augsburg;In Verl. Lorenz Kroninger & Erben Gottlieb Göbel; übersetzet;in die Teutsche Sprach übersetzet; http://mdz-nbn-resolving.de/urn:nbn:de:bvb:12-bsb10050488-9;Luigi Contarini;1586;Il vago, & dilettevole giardino;Italienisch;;;;;" Biographien; Novelle; Magie";;
;VD17 3:310281N;anonym;1661;Müssiggang-Meider (8 Bände);Deutsch;Frankfurt am Main;o.Dr.;—;—;;Tommaso Costo;1596;Il fuggilozio;Italienisch;;;;;"Sammlung; Novelle";;
;VD16 C 2454;Johann Wetzel;1583;Erste theil Neuwer kurtz-weiliger Historien;Deutsch;Basel;[Wetzel, Johann?];in Teutsche Spraach gebracht;;;Cristoforo Armeno;1557;Peregrinaggio di tre giovani figliuoli del re di Serendippo;Italienisch;;;;;"Sammlung; Novelle; Civilitäten; Reiseliteratur";;
;VD17 23:278489M;Karl von Libenau;1630;Historische Reyse Beschreibung dreyer vornehm berühmten Königs Söhne;Deutsch;Gera [Leipzig];Mamitzsch, Andreas;in Hochteutsche MutterSprach versetzt;;;Cristoforo Armeno;1557;Peregrinaggio di tre giovani figliuoli del re di Serendippo;Italienisch;;;;;"Sammlung; Novelle; Civilitäten; Reiseliteratur";;
;VD17 23:251161K;Georg Friedrich Messerschmidt;1617;Von Deß Esels Adel. Vnd Der Saw Triumph. ;Deutsch;[o.O. (Straßburg?)];o.Dr.;—;—;;Giulio Cesare Croce;1594;L 'eccelenza e trionfo del porco.;Italienisch;;;;;"Fazetien; satirisch, eulogisch";;
;—;Araldo [Hahn, P. Fr. ?];1700;Curieuse Garten Gespräche oder Ein Discours Etlicher guter Freunde von unterschiedenen Curiositæten ;Deutsch;Leipzig;In Verl. Johann Christian Körner;überseztet;"Deren Ersten [Andern; Dritten; Vierdten Theil] Aus dem Jtaliänischen in das HochTeutsche übersetztet hat ARaldo";;Nicht identifiziert;;;Italienisch;;;;;"Sammlung; Novelle; Dialog";Mit Sicherheit liegt dem Text keine italienische (wie angegeben) Vorlage zugrunde;
;;anonym;1580;Historien vnd Geschicht Camilli vnd Aemilia ;Deutsch;Frankfurt am Main;Han, Hartmann;—;—;;Francesco Florio;1473;Camilius et Emilia;Latein;;;;;"Novelle; Humanismus";;
;;Carolo Alefante;1652;Das Leben ADAMI Vnsers Ersten Vatters ;Deutsch;Wien;Cosmerovius, Matthäus;in das Teutsche gebracht;;;Giovanni Francesco Loredano;1640;L 'Adamo;Italienisch;;;;;Roman, biblischer Stoff;;
;VD17 23:327643G Zitierlink ;Samuel Sturm;1666;Der Erste Monarche/ Patriarche/ und Herscher der Welt;Deutsch;Bremen;Köhler, Jakob;gedeutschet;nunmehro aber wegen des hohen Geistes und vortreflichen Discurse gedeutschet;http://diglib.hab.de/drucke/lk-478/start.htm ;Giovanni Francesco Loredano;1640;L 'Adamo;Italienisch;;;;;Roman, biblischer Stoff;;
;VD17 1:020177T;anonym;1674;IDEA STIRPIS HUMANAE ;Deutsch;Amberg;Burger, Johann;übersetzt;Anjetzo aber auß besoindern Sprach Eyfer ins Teutsch übersetzt vnd an das Liecht gegeben;;Giovanni Francesco Loredano;1640;L 'Adamo;Italienisch;;;;;Roman, biblischer Stoff;;
;;anonym;1665;[?] Academische Schertz-Lust, oder Liebs-Beschreibung;Deutsch;Bremen;Köhler, Jakob;—;—;;Giovanni Francesco Loredano;1638;Bizzarrie academiche (599);Italienisch;;;;;"Sammlung; Novelle; Akademikerschriften";;
;VD17 12:644949U;[Baltasar Kindermann?];1662; Die Böse Sieben Von Welcher heute zu Tage die unglückseligen Männer grausamlich geplaget werden;Deutsch;Zeitz;Cellarius, Christoph;—;—;http://mdz-nbn-resolving.de/urn:nbn:de:bvb:12-bsb10576695-8;Niccolò Michiavelli;1549;La Novella del Diavolo che prese moglie;Italienisch;;;;;Novelle;s. Übersetzung von La Novella del Diavolo che prese moglie von IriFloR [=Johann Friedrich Riederer] (1725) und Siman von Leiden [=Balthasar Kindermann?] (o.J.);
;VD18 11226420;IriFloR [=Johann Friedrich Riederer];1725;Das Weib unleidlicher als die Hölle ;Deutsch;Frankfurt u. Leipzig;o.Dr.;—;—;;Niccolò Michiavelli;1549;La Novella del Diavolo che prese moglie;Italienisch;;;;;Novelle ;s. Übersetzung von La Novella del Diavolo che prese moglie von [Baltasar Kindermann?] (1662) und Siman von Leiden [=Balthasar Kindermann?] (o.J.);
;;Siman von Leiden [=Balthasar Kindermann?];?;Der vom Weibe überteuffelter Teuffel ;Deutsch;o.O.;o.Dr.;ins Teutsch übertragen;;;Niccolò Michiavelli;1549;La Novella del Diavolo che prese moglie;Italienisch;;;;;Novelle; s. Übersetzung von La Novella del Diavolo che prese moglie von IriFloR [=Johann Friedrich Riederer] (1725) und [Baltasar Kindermann?] (1662);
;;Johann Wilhelm von Stubenberg;1656;Deß weitberühmten Welschen Dichters MARJNJ Printz Kalloandro ;Deutsch;Nürnberg;Endter, Michael;´übersetzt;Zu mehrer Ausübung und aus-schmückung unserer hochdeutschen Sprache/ in selbiger aus dem Jtalianischen übersetzt: Durch ein Mitgleid der Höchstl. Fruchtbr. Gesellschafft/ Den Unglückseligen;;Giovanni Ambrogio Marini;1640;Il Caloandro sconosciuto;Italienisch;;;;;"Abenteuerroman; Akademikerschriften";;
;;Johann Wilhelm von Stubenberg;1651;Wettstreit: Der Verzweifelten ;Deutsch;Frankfurt a.M.;In Verl. Hüttnern, Johann;ubersetzet;in unsere prächtige Hochdeutsche Mutterspraache ubersetzet/ durch ein Mit-GLied der Hochlöblichen Fruchtbringenden Gesellschaft/ Den Unglückseeligen;;Giovanni Ambrogio Marini;1644;Le gare de' disperati. Storia favoleggiata;Italienisch;;;;;"Abenteuerroman; Akademikerschriften";;
;VD16 M 5070;Lukas Zollikhofer (Zoleckhofer);1564;Petri Messiæ von Sibilia vilualtige beschreibung/ Christenlicher vnnd Heidnischer Keyseren/ Künigen/ weltweiser Männeren gedächt ;Deutsch;Basel;"Petri, Heinrich; Perna, Peter";verteütscht;Vnd Jetz neüwlich auff daß fleissigest verteütscht;;Pedro de Mejia;1540;Silva de varia lección;Spanisch;Francesco Sansovino;1560;Della Selva di varia lettione ;Italienisch;"Exempel; klassische Novelle; Fürstenspiegel";;
;;Johann Beat Graß gen. Vayen;1570;Schöne Historien/ Exempel/ Vnderweisungen ;Deutsch;Straßburg;Berger, Thiebold;ins Deutsch gebracht;;;Pedro de Mejia;"	1540	";Silva de varia lección;"	Spanisch";Francesco Sansovino;1560;Della Selva di varia lettione ;Italienisch;"Exempel; klassische Novelle; Fürstenspiegel";;
;;[Johann Andreas Matth];1669;SYLVA VARIARUM LECTIONUM ;Deutsch;Nürnberg;In Verl. Endter, Michael u. Johann Friedrich;übersetzet;ins Teutsche übersetzet/ Von einem besondern Liebhaber der Jtaliänischen Sprach;;"Pedro de Mejia	1540	Silva de varia lección	Spanisch";;;;"Francesco Sansovino	1560	Della Selva di varia lettione 	Italienisch	Exempel; klassische Novelle; Fürstenspiegel			";;;;;;
;;anonym;1695-1700 ;Nutzliche und sehr Gelehrte Zeitvertreibung;Deutsch;Augsburg;In Verl. Quirini Heyl/ und Heinrich Strötter;übersetzt;ins Teutsche übersetzt;;Giovanni Stefano SJ Menochio;1648-1654;Delle stuore del P. Gio Stefano Menochio Caompagnia di GIesu Tessute di varia eruditione sacra, morale e profana;Italienisch;;;;;"Exempel; moderne Novelle; Kirchengeschichte; biblischer Stoff";;
;;Anhalt Bernburg, Familie;1624;Die Erzehlungen aus den Mittlern Zeiten ;Deutsch;[Anhalt?];— (Ms.);—;—;;anonym;1572;Il Novellino;Italienisch;;;;;Novelle;;
;;Franz Freiherr von Mützenstein;1669;VULCANI Liebes-Garn ;Deutsch;[o.O.];[o.Dr.];Teutsch beschrieben;;;Ferante Pallavicino;1641;La Rete di Vulcan;Italienisch;;;;;"galanter Roman; erotischer Roman; Akademikerschriften";;
;;[Johann Wilhelm v. Stubenberg];1657;Geteutscher Samson ;Deutsch;Nürnberg;Michael Endter;gedeutscht;;;Ferante Pallavicino;1638;Il Sansone.;Italienisch;;;;;"galanter Roman, biblischer Stoff; Akademikerschriften";;
;;anonym;1668;Die Taliclea ;Deutsch;Frankfurt a.M.;In Verl. Johann Georg Schiele;—;—;;Ferante Pallavicino;1636;La Taliclea;Italienisch;;;;;Roman;;
;;Anna Owena Hoyer;1617;Süßbittere Freude ;Deutsch;Schleswig;[Johannes Höfer?];verdeutscht/in Deutsche Reimen gestellt;durch Nicolaum von Weil/Stadtschreibern/verdeutscht/ietz aber in Deutsche Reimen gestellt ;;Enea Silvio Piccolomini;1470-1472;De duobus amantibus Eurialo et Lucresia;Latein;Nicolaus von Weil;;;Deutsch;Novelle;;
;;I.H.D. [Johann Hel(l)wig?];1648;ORMVND ;Deutsch;Frankfurt am Main ;In Verl. Johann David Zunner d.Ä.;übergesetzet;Durch einen Liebhaber der Teutschen Muttersprache in das Teutsch übergesetzet;;Franceso Pona;1635;L'Ormondo;Italienisch;;;;;"Ritterroman; Akademikerschrift";;
;VD16 R 2930;Christoph Wirsung;1520;Ain Hipsche Tragedia ;Deutsch;Augsburg;Grimm, Sigismund;—;—;;Ferdinando de Rojas;1499;La Celestina o Tragicomedia de Calisto y Melibea;Spanisch;Alfonso Ordoñez;1505;Tragicomedi di Calisto e Melibea;Italienisch;"Roman, ""Tragigkomödie"" ";(fälschlich Tragicomedia benannt);
;;anonym;1663;Deß Europäischen Lucius Cornelius MONARCHJA ;Deutsch;[o.O.];[o.Dr.];—;—;;Giulio Clemente Scotti;1645;Lucii Cornelii Europæi Monarchia Solipsorum;Latein;;;;;Staatsroman;;
;VD17 39:144079D;anonym;1665-1675;ALPHONSI de VARGAS von Toleto Erzehlung ;Deutsch;Vogtland [=Leipzig];[o.Dr. (=Rußworm, Johann Michael];übergesetzt;in gut Deutsch übergesetzt; http://mdz-nbn-resolving.de/urn:nbn:de:bvb:12-bsb11092734-0;"Giulio Clemente Scotti	";1645;"Lucii Cornelii Europæi Monarchia Solipsorum	";Latein;;;;;Staatsroman;;
; VD17 23:255370M ;anonym;1614;Novellae Oder Außerlesene/ liebliche/ newe Historien und Geschichten;Deutsch;Frankfurt am Main ; Schamberger, Simon/Richter, Wolfgang; in die Hochteutsche Spraach versetzet;; http://resolver.sub.uni-goettingen.de/purl?PPN778204693; Giambattista Giraldi;1565;De gli hecatommithi;Italienisch;;;;;;;
;VD17 23:287448B;David Wolstandt;1615; Lustgarten der Liebe : Von steter brennender Lieb und Löffely zweyer libhabenden jungen Personen/ Daphnidis und Chlo;Deutsch;Frankfurt am Main;Bringer, Johann;ubersetzt; in Griechischer Sprach beschrieben: Nunmehr zu Ergetzlichkeit auß derselben in die Hochteutsche ubersetzt;Digitalisierung nicht möglich;Longus/os;151-200;Δάφνις καὶ Χλόη Dáphnis kaí Chlóē;Griechisch;;;;;"Altertumskunde; Schäferdichtung";;
;"VD17 23:285305P
	
VD17 23:285305P";Mutmaßl. Übers.: Carl von Barth; 1624-1625; Die Schäfferinn Astrea ;Deutsch;Halle/Saale; Oelschlägel, Michael;In hochteutzsche Sprach versetzet;;Digitalisierung geplant;  Honoré d'Urfé;1607-1627;L'Astrée;Französisch;;;;;Schäferdichtung, Roman;;
;VD17 23:276631V ;?;1627; Historien Von Lazarillo de Tormes, einem stoltzen Spanier;Deutsch;Augsburg;Asperger, Andreas;ubersetzt; in Teutsch ubersetzt;Digitalisierung nicht möglich;Mutmaßl. Verfasser: Diego Hurtado de Mendoza;1554; La vida de Lazarillo de Tormes, y de sus fortunas y adversidades;Spanisch;;;;;"Roman; Schwank; Volksbuch ";"s. Übersetzung von ""La vida de Lazarillo de Tormes"" von Niklas Ulenhart 1656; s. Übersetzung von ""La vida de Lazarillo de Tormes"" 1614";
;VD17 32:675076F;Niklas Ulenhart;1656;Lazarillo de Tormes;Deutsch;Nürnberg;Endter, Michael;üersetzt;ins Teutsche gantz treulich üersetzt; http://haab-digital.klassik-stiftung.de/viewer/epnresolver?id=1739815858;Mutmaßl. Verfasser: Diego Hurtado de Mendoza;1554; La vida de Lazarillo de Tormes, y de sus fortunas y adversidades;Spanisch;;;;;"Roman; Schwank; Volksbuch";" In: Zwo kurtzweilige/ lustige/ und lächerliche Historien : Die Erste/ Von Lazarillo de Tormes/ einem Spanier/ was für Herkommens er gewesen ... ; Aus Spanischer Sprach ins Teutsche gantz treulich üersetzt ; Die Andere/ Von Isaac Winckelfelder/ und Jobst von der Schneid  | s. Übersetzung von ""La vida de Lazarillo de Tormes"" 1627; s. Übersetzung von ""La vida de Lazarillo de Tormes"" 1614";
;VD17 32:675110B;Paul Kuefuß;1653; Der zweite ...Theil/ Lazarilli von Tormes/ bürtig aus Hispanien;Deutsch;Nürnberg;Endter, Michael;übergesetzt;in das Teutsche übergesetzt; http://haab-digital.klassik-stiftung.de/viewer/epnresolver?id=1739814746;Juan de Luna;1555;Segunda parte de la vida de Lazarillo de Tormes;Französisch;;;;;;" Die ""Segunda parte"" ist eine späte Fortsetzung von Diego Hurtado de Mendozas ""Lazarillo"" durch Juan de Luna";
;—;?;1614;Leben und Wandel Lazaril von Tormes;Deutsch;o.O.;?;verdeutscht;;—;Mutmaßl. Verfasser: Diego Hurtado de Mendoza;1554; La vida de Lazarillo de Tormes, y de sus fortunas y adversidades;Spanisch;;;;;;"s. Übersetzung von ""La vida de Lazarillo de Tormes"" 1627; s. Übersetzung von ""La vida de Lazarillo de Tormes"" von Niklas Ulenhart 1656";
;VD17 23:298614V;Gregor Wintermonat;1612;Ordentliche und Außführliche Beschreibung Der uberaus herrlichen und gantz wunderbarlichen/ doch wenigen bißhero bekandten Insul Utopia;Deutsch;Leipzig; Grosse, Henning/Lantzenberger, Michael;ubergesetzt;in unser Deutsche Sprach ubergesetzt; http://diglib.hab.de/drucke/139-pol-1s/start.htm;Thomas Morus ;1501-1550;De optimo rei publicae statu deque nova insula Utopia;Latein;;;;;Roman;;
;;Samuel Sturm;1663;Herrn Loredani de Venetia Neue Liebes Geschichte ;Deutsch;Bremen;Berger, Ehrhard;verteutscht;;;Giovanni Francesco Loredano;1643;Novelle amorose;Italienisch;;;;;Sammlung, Novelle;" s. Übersetzung ""Novelle amorose"" von Damiro [Ps.] (1720)";
;;Damiro [Ps.];1720;Amors Glücks Und Unglücks Fälle ;Deutsch;Frankfurt a.M.;o.Dr.;übersetzet;in das Teutsche übersetzet;;Giovanni Francesco Loredano;1643;Novelle amorose;Italienisch;;;;;Sammlung, Novelle;"s. Übersetzung ""Novelle amorose"" von Samuel Sturm (1663)";
;VD17 23:284912A;Hans Ludwig von Kuefstein;1625; Carcell De Amor. Oder/ Gefängnüß der Lieb ;Deutsch;o.O.;"Wachsmann, Michael; Ritzsch, Gregorius";in Hochteutsch gebracht;;https://nbn-resolving.org/urn:nbn:de:bsz:15-0008-313065;Diego de San Pedro;1492;Cárcel de amor;Spanisch;;;;;Roman;;
;PPN: 8605025;anonym;1629;"Wahrhaffte Beschreibung der wunderseltzamen abenthewrlichen Geschichten des Panfils und der Nise (R:ÖB-Alternative)
Der Pilger";Deutsch;o.O.;?;;;(http://d-nb.info/gnd/4613841-9);Lope de Vega;1604;El peregrino en su patria;Spanisch;;;;;Roman;;
;VD17 23:278484Y;Christian Pharemund;1630; Historia Von Aurelio und Isabella/ deß Königs in Schottland Tochter;Deutsch ;Nürnberg;Endter, Wolfgang <der Ältere>;in das Teutsche versetzt; Durch einen Liebhaber der Sprachen auß dem Frantzösischen in das Teutsche versetzt;Digitalisierung nicht möglich;Joan de Flores;1495; Hystoria d' Grisel y Mirabella;Spanisch;;;;Französisch;Roman; Franzöische Intermediärübersetzung: https://www.degruyter.com/document/doi/10.1515/9783110933949/html?lang=de;
;VD17 12:651298W;Johann Friedrich Ochsenbach;1636; Gulistan. das ist/ Königlicher Rosengart;Deutsch ;Tübingen;Brunn, Philibert; in das Frantzösisch gebracht/in die Teutsche Sprach übergesetzt; in das Frantzösisch gebracht/ und anjetzo durch Johan Friderich Ochssenbach/ in die Teutsche Sprach übergesetzt worden; http://mdz-nbn-resolving.de/urn:nbn:de:bvb:12-bsb10250745-7;Scheich Abu SA'DI;1259;Golestan;Persisch;André du Ryer;1634;Golestan;Französisch;Anthologie: Gedicht- und Geschichtensammlung;;
;VD17 12:651298W;Johann Rist;1650; Der Adeliche Haußvatter;Deutsch ;Lüneburg;Stern/Johann von/Stern, Heinrich;übergesetzet/verteütschet;in die Frantzösische übergesetzet/ Nunmehr aber verteütschet ... vermehret und ausgezieret; http://mdz-nbn-resolving.de/urn:nbn:de:bvb:12-bsb10299243-2;Torquato Tasso;1580; Il padre di famiglia;Italienisch;Jean Baudoin;1632;Le père de famille;Französisch;fiktionale Erzählung mit eingebettetem philosophischen Dialog?;;
; VD17 23:299065G;Mutmaßl. Übers.: Balthasar Venator;1660; Der Fliegende Wandersmann nach den Mond: Oder Eine gantz kurtzweilige und seltzame Beschreibung der Newen Welt deß Monds;Deutsch ;Nürnberg?;Endter, Michael?;übergesetzet;Auß dem Frantzösischen ins Teutsche übergesetzet;Digitalisierung nicht möglich;Francis Godwin;1625-1629;The man in the moon;Englisch;Bearb. d. franz. Ausg.: Jean Baudoin;;;Französisch;Roman;Übers. fälschl. Hans Jakob Christoffel von Grimmelshausen zugeschrieben;
;PPN: 022142495;Georg Philipp Harsdörffer ;1650-1651;Der große Schau-Platz lust- und lehrreicher Geschichten;Deutsch ;Frankfurt am Main ;?;;;;Miguel de Cervantes Saavedra;1613;Novelas ejemplares;Spanisch;;;;;Novellensammlung;;
;VD17 12:637306X;C. v. Ryssel;1661; Aristippus oder vom Hofe;Deutsch ;Bayreuth;Gebhard, Johann;;; http://mdz-nbn-resolving.de/urn:nbn:de:bvb:12-bsb10039783-1;Jean-Louis Guez de Balzac;1658;Aristippe ou De la cour;Französisch;;;;;;"s. Übersetzung von ""Aristippe"" von Johannes Tonjola (1662)";
;VD17 23:328204W;Johannes Tonjola;1662; Herren von Balzac Aristippus Oder Von dem Hof-Leben;Deutsch;Basel;König, Emanuel;verteutscht;;http://diglib.hab.de/drucke/xb-6954-1s/start.htm;Jean-Louis Guez de Balzac;1658;Aristippe ou De la cour;Französisch;;;;;;"s. Übersetzung von ""Aristippe"" von C. v. Ryssel (1661)";
;VD17 23:287188M;Georg Greflinger;1660; Von der Unnötigen Vorsorge Vor Kluges Frauenvolck;Deutsch ;Hamburg;Naumann, Johann;;;http://mdz-nbn-resolving.de/urn:nbn:de:bvb:12-bsb10097873-2;María de Zayas y Sotomayor;1637;El prevenido engañado. In: Novelas amorosas y ejemplares;Spanisch;Paul Scarron;1655; La précaution inutile;Französisch;;;
;VD17 23:287055P;Georg Greflinger;1662; Der unschuldige Ehebruch;Deutsch ;Hamburg;Naumann, Johann/Demler, Christoph;;;;María de Zayas y Sotomayor;1637;? : Novelas amorosas y ejemplares;Spanisch;Paul Scarron;1656; L'adultère innocent;Französisch;;;
;VD17 39:138195F ;Georg Schirmer;1663; Ismenen und Ismeniens Liebesgeschichte;Deutsch ;Leipzig;Kirchner, Christian/Hahn, Johann Erich ;übersetzet; in unsre Hochteutsche Mutter-Sprache übersetzet; http://mdz-nbn-resolving.de/urn:nbn:de:bvb:12-bsb10235981-9; Eustathius <Macrembolites>;1151-1200;Τὰ καθ' Ὑσμίνην καì Ὑσμινίαν (11 Bände);Griechisch;Gilbertus de Gaulminus Molinensis;1617;De Ismeniae et Ismenes amoribus;Latein;Roman;;
;VD17 39:120256E;Johann Wilhelm von Stubenberg;1664; Clelia : Eine Römische Geschichte (5 Bde, ab Teil 2 u.d.T.: Der Römischen Clelia des Herrn von Scuderi Königl. Französ. Befehlhabers);Deutsch ;Nürnberg;Endter, Michael/Endter, Johann Friedrich;übersetzet;ins Hochdeutsche übersetzet;http://nbn-resolving.de/urn:nbn:de:gbv:3:1-507317;Madeleine de Scudéry [unter dem Namen ihres Bruders Georges de Scudéry];1654-1660;Clélie, histoire romaine;Französisch;;;;;Roman;;
;VD17 12:653204R;T. Hirsman [BeiträgerIn];1672; Die Falsche Clelia : Eine Art-Lustige Frantzösisch und Comische Geschicht;Deutsch ;Frankfurt am Main ;Zubrod, Johann Peter/Humm, Anna Maria;übersetzet;in die Hochteutsche Sprach übersetzet; http://mdz-nbn-resolving.de/urn:nbn:de:bvb:12-bsb10861781-5;  Adrien Thomas Perdou de Subligny;1670; La fausse Clélie;Französisch;;;;;;;
;VD17 12:650352A;? (Verf. ermittelt in: Holzmann/Bohatta. Bd. II., S. 288);1666; Histoire Amoureuse Des Gaules, Oder Kurtzweilige Liebs-Geschichten Fürnehmer Standspersonen am Königlichen Hoff zu Pariß;Deutsch ;Lüttich [Laut Weller Druckorte fingiert];?;—;—;http://mdz-nbn-resolving.de/urn:nbn:de:bvb:12-bsb10780511-8;Roger de Bussy-Rabutin;1665; Histoire Amoureuse Des Gaules;Französisch;;;;;;;
;VD17 3:314982A;Philipp Zesen;1645; Ibrahims Oder Des Durchleuchtigen Bassa und Der Beständigen Isabellen Wunder-Geschichte (4Bde);Deutsch ;Amsterdam;Elzevier, Ludwig;—;—; http://nbn-resolving.de/urn:nbn:de:gbv:3:1-724548;Madeleine de Scudéry [unter dem Namen ihres Bruders Georges de Scudéry];1642;Ibrahim ou l'illustre Bassa;Französisch;;;;;;;
;VD17 14:672658C;?;1668; Vorbild Der Ersten Welt;Deutsch ;Hamburg;?;—;—;http://digital.slub-dresden.de/id379680459 ;Henry Neville;1668;The Isle of Pines;Englisch;;;;;;;
;VD17 23:327984G;?;1671;Der Abentheurliche Buscon;Deutsch ;Frankfurt am Main ;Sand, Hermann, von;übersetzet;" in das Hochteutsche übersetzet; Mit Angehengten Schreiben deß Ritters der Sparsamkeit"; http://mdz-nbn-resolving.de/urn:nbn:de:bvb:12-bsb10607801-9; Francisco Gómez de Quevedo y Villegas;1626;Historia de la vida del Buscón Ilamado Don Pablos;Spanisch;?;1645;L' Aventurier Buscon, Histoire Facetieuse;Französisch;Roman;;
;VD17 23:233935R;Eberhard Werner Happel;1682; Der Insulanische Mandorell (Auszug aus Buch 3);Deutsch ;Hamburg/Frankfurt am Main;Härtel, Zacharias <der Jüngere>/Matthias Weyrauch Erben/Roos, Thomas ;" 	
http://resolver.sub.uni-hamburg.de/goobi/PPN749685441";—; http://diglib.hab.de/drucke/lo-2595/start.htm;Pierre Daniel Huet;1670;Traité de l'origine des romans. In: Madame de La Fayette: Zayde, histoire espagnole;Französisch;;;;;Roman;;
;VD17 39:120221X; Ferdinand Adam von Pernauer;1682-1696; Almahide/ oder Leibeigne Königin, 3 Bde;Deutsch ;Nürnberg;Hoffmann, Johann/Zieger, Johann/Froberg, Christian Siegmund; übersetzet;ins Hochteutsche übersetzet; http://mdz-nbn-resolving.de/urn:nbn:de:bvb:12-bsb10310496-4;Madeleine de Scudéry [unter dem Namen ihres Bruders Georges de Scudéry];1660-1663;Almahide;Französisch;;;;;Roman;;
;?VD17 39:120284K;S. T. G [Initialenform bisher nicht auflösbar];1699;"Der Geplünderte Postillon; Das ist: Allerhand seltzame Begebenheiten der Welt";Deutsch ;Freistadt;Drucker nicht zu ermitteln;—;—;;Ferrante Pallavicino;1646;Il corriere svaligiato;Italienisch;;;;;Anthologie? fiktional?;;
;VD17 23:242497S;Daniel Hartnack;1696; Des Phaedri, Kaysers Augusti Freygelassenen/ Fünff Bücher Seiner Fabeln, Oder Gedichte und Geschichte;Deutsch;Lübeck/Frankfurt am Main/Leipzig;Wiedemeyer, Johann;verdolmetschet;"Nach Ordnung der Construction, Sinn- und Wort-Verstand verdolmetschet ; mit Gedoppelten und der ersten Art mehrentheils Historischen Imitationen, aus denen erwehltesten drinn enthaltenen Redens-Arten"; http://nbn-resolving.de/urn:nbn:de:gbv:3:1-469550 ;Phaedrus;15 v. Chr.;Fabulae Aesopiae;Latein;;;;;Fabeln;;
;VD17 1:667657P;anonym;1700; Die Wunder listig-geführte Liebe. Oder warhaffte Liebes-Geschicht Der Herzogin von Chatillon;Deutsch ;Nürnberg;Helmers, Johann Rudolf;übersetzet;ins Teutsche übersetzet; http://resolver.staatsbibliothek-berlin.de/SBB0001D46600000000;anonym;1698; Histoire galante et véritable de la duchesse de Châtillon;Französisch;;;;;Roman, Satire;;
;VD17 23:752142U;Wilhelm Salzmann;1689; Eine sehr schöne und anmutige Histori/ Von dem Käyser Octaviano;Deutsch ;nicht ermittelbar;nicht ermittelbar;verdolmetschet;ins Deutsche verdolmetschet und mit vielen Figuren vermehret;Digitalisierung geplant;anonym;1535;L'histoire de Florent et Lyon, enfants de l'empereur de Rome;Französisch;;;;;Volksbuch;;
;VD17 39:120174X ;Veit Warbeck;1660; Historia Von der Schönen Magelona/ eines Königs Tochter von Neaples/ und einem Ritter/ genannt Peter mit den silbern Schlüsseln/ eines Grafen Sohn von Provincia;Deutsch ;Nürnberg;Endter,  Johann Andreas;verdolmetschet;in das Teutsche verdolmetschet; http://resolver.sub.uni-goettingen.de/purl?PPN792617878;anonym;;Pierre de Provence et la belle Maguelonne;Französisch;;;;;Roman;;
;VD17 23:336356U ; Johann Friedrich <Brandenburg-Ansbach, Markgraf>;1680; Die unvergleichlich- verliebt- und geliebte Pariserin;Deutsch ;Ansbach;Kretschmann, Jeremias;verteutschet ; bey müssigen Stunden verteutschet ;; Jean de Préchac ;1679-1690 ;L'illustre Parisienne;Französisch;;;;;Roman;;
;VD17 23:287319K;?;1668; Vollkommene Comische Historie Des Francions;Deutsch ;Leiden;Hackius, Cornelius/Officina Hackiana <Leiden>/Hackius, Jacobus ;verteutschet;Vor etlichen Jahren ... gar artig auß dem Frantzösischen verteutschet: und nun ... übersehen und gebeßert;(http://mdz-nbn-resolving.de/urn:nbn:de:bvb:12-bsb10098043-9);Charles Sorel;1623;La vraye histoire comique de Francion;Französisch;;;;;Roman;;
;VD17 23:284246N;?;1644; Theatri Amoris, Oder Schawplatz der Liebe Ander Theil;Deutsch ;Frankfurt am Main/Hanau; Le Blon, Christoph/Aubry, Johann;verteutscht;auffs New ubersehen ... verteutscht;Digitalisierung nicht möglich; Antoine Du Périer;1599; Les Amours de Lozie;Französisch;;;;;Roman;;
;VD17 12:639468R;?;1625; Wunderbarliche und seltzame Historien/ Tyll Eulenspiegels/ Eines Bawren Sohn/ bürtig auß dem Lande zu Braunschweig;Deutsch;?;?;verdolmetschet;Auß Sächsischer Sprach auf gut Hochteutsch verdolmetschet; http://diglib.hab.de/drucke/lm-4212a-2s/start.htm;?;;?;Sächsisch;;;;;Kurzprosa?;;
;?VD17 12:646676H;?;1657; Beutelschneider/ Oder Newe/ warhaffte/ und eygentliche Beschreibung Der Diebs-Historien (2 Bde);;Frankfurt am Main;Beyer, Johannes;übersetzt;in die Hochteutsche Sprach übersetzt;; François de Calvi;1640;Histoire général des larrons;Französisch;;;;;fiktiv??;;
;-;Niklas van Wyles;1462;Euriolus und Lucrezia;Deutsch ;?;?;;;;Aeneas Silvius Piccolomini;;Euriolius et Lucretia?;Latein;;;;;Novelle;;
;?VD17 14:072185K;Johannes Praetorius;1660; Das Kurtzweilige Leben von Clement Marott;Deutsch;;;ins Hochdeutsche gebracht ;Aus Dem Frantzösischen ins Niederländische Und aus demselben anitzo ins Hochdeutsche gebracht ; http://mdz-nbn-resolving.de/urn:nbn:de:bvb:12-bsb10094311-8;?;;?;Französisch;?;?;?;Niederländisch;Biographie Clément Marots? Fiktiv?;;
;VD17 1:660515M;?;1668; Der Geist von Jan Tambaur;Deutsch;o.O.;?; übersetzet;ins Teutsche übersetzet;Digitalisierung nicht möglich;Jan Pietersz. Meerhuysen;?;De Geest van Jan Tamboer;Niederländisch;;;;;?;;
;VD17 39:120907T; C. G. M. P. O.;1684; Der Zwar hefftig gedrückte/ doch endlich beglückte Schöne Pohle;Deutsch;Frankfurt am Main/Leipzig;Weidmann, Christian;ins Teutsche übersetzt;;; Jean de Préchac;1681; Le beau Polonais;Französisch;;;;;Roman;;
;VD17 1:000295Z; Schweikhart von Helfenstein/Johann Georg <Hohenzollern-Hechingen, Fürst>;1684; Historia Von dem Leben Der Zweyen H. Beichtiger Barlaam Eremiten;Deutsch;München;Geldern, Johann Hermann, von/Rauch, Sebastian;;;" 	ttp://resolver.staatsbibliothek-berlin.de/SBB00030C1600000000"; Johannes <Damascenus> (unsicher und nicht belegbar);1000; Barlaam et Josaphat;Griechisch;Vinzenz von Beauvais?;ca. 1250;In: Speculum maius, Band 1-2?;Latein;Roman;;
;VD17 5002:734471Z;?;1684; Die auferstandene Eva oder die Schöne ohne Hembd;Deutsch;o.O.;?;übersetzt;ins Deutsche übersetzt; http://resolver.staatsbibliothek-berlin.de/SBB00016CB900000000;anonym;1683;Eve ressuscitée ou la belle sans chemise;Französisch;;;;;Roman;;
;VD17 39:131637D;?;1685; Des Grossen Alkanders Eroberter Liebes-Genuß in den Niederlanden;Deutsch;Nürnberg;?;übersetzt;Von Neuen in annehmlichere teutsche Redart/ aus dem Französischen übersetzt und zum andernmahl heraus gegeben; https://nbn-resolving.org/urn:nbn:de:urmel-ufb-152147;Gatien de Courtilz de Sandras;1684;Les conquestes amoureuses du grand Alcandre dans les Pays-Bas ;Französisch;;;;;Roman;;
;VD17 7:667599Z;?;1672;Historia| oder wunderbare Geschicht/| von der edlen und schönen| Melusina.;Deutsch;Nürnberg;Endter, Michael/Endter, Johann Friedrich; übersetzet;Aus Frantzösischer Sprache in die Teutsche/ zu Ergetzung der Gemüther/ übersetzet; http://resolver.sub.uni-goettingen.de/purl?PPN514442220;Coudrette;um 1400;Melusine;Französisch;;;;;Roman/Volksbuch;;
;VD17 23:236502Q ;De La Grise [i.e. Tobias Nislen];1697; Liebes-Kampfes Erster Theil ;Deutsch;Frankfurt am Main/Ulm;Wagner, Matthäus Identity ;übersetzet;  in unsere Teutsche Mutter-Sprache best-möglichst übersetzet; http://mdz-nbn-resolving.de/urn:nbn:de:bvb:12-bsb10113393-8;?;;?;Italienisch;;;;;Roman;;
;VD17 3:310185N;?;1680;" 	Die Wunder-Geschichte Oder Lebens-Beschreibung Der Henriette Sylvie Von Moliere (6 Bde)";Deutsch;o.O.;?;übersetzt;zu der Teutschen Nation Nutz und Ergetzlichkeit aus dem Frantzösischen ins Teutsche mit Fleiß übersetzt;;Marie Cathérine Hortense Desjardins de  Villedieu;1733;Avantures ou Mémoires de la vie de Henriette Sylvie de Molière ;Französisch;;;;;biographischer Roman?;;
;VD17 23:668908K;Johann Beer;1680; Des berühmten Spaniers Francisci Sambelle Wolausgepolirte Weiber-Hächel;Deutsch;o.O.;?;übersetzet;ins Hochteutsche übersetzet;Digitalisierung nicht möglich 2021;?;?;?;Spanisch;;;;;Roman?;;
;VD17 12:635311G;Abraham Extern;1680; Liebs-Geschichte Der Schönen Julia;Deutsch;Frankfurt am Main/Straßburg;Dolhopff, Johann Albrecht ;übersetzt;ins Teutsche übersetzt; http://mdz-nbn-resolving.de/urn:nbn:de:bvb:12-bsb00001285-9;?;?; Les amours de la belle Julie;Französisch;;;;;Roman;;
; PPN: 008793603;Johann Beer;1681;Die Mit kurtzen Umständen entworffene BESTIA CIVITATIS;Deutsch;?;;übersetzet;wegen enthaltener Kostbarkeit ins Teutsche übersetzet; http://d-nb.info/gnd/1096245604;Franciscus a Claustro;?;?;Latein;;;;;Satirischer Roman;;
;VD17 23:231313W;Johann Beer;1682; Zendorii à Zendoriis [Pseudonym von Johann Beer] Teutsche Winternächte Oder Die ausführliche und denckwürdige Beschreibung seiner Lebens-Geschicht ;Deutsch;Nürnberg;Hoffmann, Johann;übersetzt;erstlich von dem Authore selbsten beschrieben/ hernachmals aber zum besseru Gebrauch der Lesenden übersetzt;;Johann Beer;?;?;?;;;;;Roman?;;
;VD17 7:667525Y; Johann Philipp Ferdinand von Pernauer;1683; Die Liebe Eine Überwinderin des Glückes/ Oder Oronce und Eugenie;Deutsch;Regensburg; Dalnsteiner, Paul;übersetzt;ins Hochteutsch übersetzt; http://resolver.sub.uni-goettingen.de/purl?PPN796863121;  Alexandre de La Roberdière;1683;L'amant cloitré ou les avantures d'Oronce & d'Eugenie;Französisch;;;;;;;
;VD17 3:300601D;?;1685; Der in seine Venus Hochverliebte Mars/ Seraskier Bassa;Deutsch;Nürnberg;Zieger, Johann;übersetzet; in das Hoch-Teutsche übersetzet; http://mdz-nbn-resolving.de/urn:nbn:de:bvb:12-bsb10578041-4;  Jean de Préchac;1685; Le Seraskier Bacha;Französisch;;;;;Roman;;
;VD17 23:712915C;?;1685; Des Gros-Vezirs Cara Musthapha Historie;Deutsch;Hamburg;Wolff, Georg;übersetzet;ins Teutsch übersetzet;; Jean de Préchac;1684; Cara Mustapha, Grand Vizir Histoire;Französisch;;;;;Roman;;
;VD17 23:242650Y; Johann Philipp Ferdinand von Pernauer;1695; Pharamund/ Oder Der Geschichte von Franckreich;Deutsch;Nürnberg;Zieger, Johann/Lehmann, Georg/Spörlin, Johann Michael;übersetzt;ins Hochteutsch übersetzt;; Gautier de Coste de La Calprenède/Pierre d' Ortigue de Vaumorière;1661;Pharamond;Französisch;;;;;Roman;;
;VD17 3:604266H;August Bohse;1696; Le Mary jaloux, Oder der Eyfersüchtige Mann;Deutsch;Dresden; Kettner, Gottfried/Riedel, Johann;übersetzt;Ins Teutsche übersetzt;Digitalisierung geplant; Gillot de Beaucour, Louise Geneviève Gomes de Vasconcelle;1688; Le Mary jaloux;Französisch;;;;;Roman;;
;VD17 23:328951U;"""Bosardo""";1696;Der Durchlauchtigste Zingis aus Tartarien;Deutsch;Leipzig;Heybey, Martin Theodor;übersetzet;;Digitalisierung nicht möglic; Anne de  La Roche-Guilhem;1711; Zingis ;Französisch;;;;;Roman;;
;VD17 14:654678T; Der Durch vieles Wehklagen/ endlichen entstandene Tumult und Auffruhr/ Von Denen Mann-begierigen Jungfrauen Zu St. Cyr/ Seither der Eroberung Namur;1696; Der Durch vieles Wehklagen/ endlichen entstandene Tumult und Auffruhr/ Von Denen Mann-begierigen Jungfrauen Zu St. Cyr/ Seither der Eroberung Namur;Deutsch;Kölln;Marteau, Peter Sel. Erben; übersetzt; ins Teutsche übersetzt; http://digital.slub-dresden.de/ppn316332151;?;1696;Les lamentations des dames de Saint Cyr depuis la prise de Namur;Französisch;;;;;;;
; VD17 3:610980Z;Catherine Bédacier;1690; Liebes-Geschicht Des Cardinals von Richelieu und Grafens von Soissons Mit der Hertzogin von Elboeuf;Deutsch;Kölln (fingiert?);?;übersetzt;Aus dem Frantzösischen übersetzt; http://vd17.bibliothek.uni-halle.de/pict/2001/3:610980Z/;?;?;?;Französisch;;;;;Roman;;
;VD17 7:667590F;Wilhelm Salzmann;1660;Kaiser Octavianus. Das ist: Eine schöne und anmuthige Histori/ wie Käiser Octavianus sein Weib samt zweyen Söhnen in das Elend verschicket hat/ und wie dieselbigen hernach ... bey dem fommen König Dagoberto/ wiederum zusammen kommen sind;Deutsch;o.O.;?;verdolemtschet;in das Deutsche verdolmetschet; http://resolver.sub.uni-goettingen.de/purl?PPN792614887;?;?;?;Latein;?;?;Florent et Lyon;Französisch;Roman;;
; VD17 23:739413X Zitierlink ;B. (Zum mutmaßlichen Verfasser siehe VD18 10851321);1696; Der Verliebte Jesuite Oder Artige Galanterien/ Welche Die vornehmsten Herren Patres aus der Societet zu Pariß practiciret;Deutsch;Paris?;?;übersetzet;Aus dem Frantzösischen übersetzet ;;anonym;1696;Les Jesuites de la maison professe de Paris en belle humeur;Französisch;;;;;Roman;;
; VD17 23:329731Z;anonym;1699; Die Ungemein-Curieuse Liebes-Neigung Zweyer Fürstlicher Brüder gegen eine Prinzessin von preißwürdigen Qualitäten ;Deutsch;Nürnberg;Helmers, Johann Rudolf;übersetzt;auß dem Französischen übersetzt; http://resolver.staatsbibliothek-berlin.de/SBB0001D46700000000;?;?;?;Französisch;;;;;Roman;;
;VD17 3:308331S;?;1700 - 1702; Der vortrefflichen Egyptischen Königin/ Cleopatra/ Curiöse Staats- und Liebes-Geschicht;Deutsch;Hamburg/Frankfurt am Main; Erythropel, Johann Just;übersetzet;in Hoch-Teutsche Sprach übersetzet;;Gautier de Costes, sieur de La Calprenède;1652;Cléopâtre;Französisch;;;;;Roman;;
;VD17 23:302356S;August Bohse;1700;Staats-Roman : Welcher Unter der denckwürdigen Lebens-Beschreibung Telemachi Königl. Printzens aus Ithaca, und Sohns des Ulyssis vorstellet/;Deutsch;Breslau;Bauch, Christian;übersetzet;ins Deutsche übersetzet; http://nbn-resolving.de/urn:nbn:de:gbv:3:1-348727; François de Salignac de La Mothe Fénelon;1699;Les aventures de Télémaque ;Französisch;;;;;Roman;;
;VD18 11139765;August Bohnse;1701;Die Durchlauchtigste Argenis;Deutsch;Leipzig;"Gleditsch, Johann Ludwig
Ludwig";übersetzet;in unsre Hochteutsche mit Fleiß übersetzet;;John Barclay;1621;Argenis;Französisch;;;;;Roman;"s. Übersetzung der ""Argenis"" von Martin Opitz (1626)";
;VD18 12914665;Eustache Le Noble;1701;Die Falsche Gräfin von Jsamberg, Oder Die betrügende und betrogene Liebe;Deutsch;Frankfurt am Main, Leipzig;Johann Herbord, Kloß;übersetzt;;;?;?;?;Französisch;;;;;Roman;;
;VD18 11581565;Johann Ludwig Prasch;1705; Ihro Magnificentz Hr. Joh. Lud. Praschii nunmehro seel. Psyche Cretica, oder Geistlicher Roman, von der Menschlichen Seelen ;Deutsch;Leipzig;Georgii Serpilii?;übersetzet;wegen seiner Vortrefflichkeit aus dem Lateinen ins teutsche übersetzet Von Einem Liebhaber der Praschischen Schrifften;;?;?;?;Latein;;;;;Roman;;
;VD18 13244213;?;1707; Das Leben Des Ritter Hasards;Deutsch;nicht ermittelbar;nicht ermittelbar;übersetzet;Aus dem Englischen In Das Frantzösische/ Und von solchen In das Teutsche übersetzet;;?;?;?;Englisch;anonym (Als Verfasser werden Mary DeLaRivière Manley oder Marin Le Roy de Gomberville vermutet);?; Mémoires Du Chevalier Hasard;Französisch;Roman;;
;VD18 10069615; Christina Sibylla Müller;1708; Lebens- und Liebesbeschreibung des berühmten Helden Graffen Emerich von Teckely;Deutsch;o.O.;?;übersetzt;ins Teutsche übersetzt;;Jean de Préchac;1693;Histoire d'Emerich comte de Tékély ou mémoires pour servir à sa vie;Französisch;;;;;Roman;;
;VD17 39:121008F;nicht ermittelt;1698; Der Georgianischen Kemiski Und ihres Gemahls Cherif Alekes Seltsame Liebes-Geschichte;Deutsch;Leipzig;Gleditsch, Johann Ludwig;übersetzet;;; Jean-Baptiste Chévremont;1697; Histoire et les avantures de Kemiski georgienne;Französisch;;;;;Roman;;
;VD17 12:651055M;?;1700; Daß Unglückseelig-Entdeckte Geheimnüß/ In einer Anmuthigen Liebes-Geschicht;Deutsch;o.O.;;;Aus dem Frantzösischen vorgestellet; http://mdz-nbn-resolving.de/urn:nbn:de:bvb:12-bsb10781516-0;?;?;?;Französisch;;;;;;;
;VD18 11638397;?;1707; Täglicher Wandel, eines Christen vor Gott, Oder: Ein schönes Exempel, Wie ein Kind Gottes des Tages über mit seinem Gott, ... vertrauten Umgang hat;Deutsch;Dresden/Leipzig;Mieth, Johann Christoph;; Aus einem Frantzösischen Tractätlein genandt;; Jeanne Le Royer;?;La vie d'Armelle Nicolas vulgairement dite la bonne Armelle ...;Französisch;;;;;;;
;VD18 12842621;Menander;1722; Die Standhafte Römerin Clotildis, Mit verschiedenen andern curiösen Liebes-Begebenheiten;Deutsch;Augsburg;Walther;übersetzet;;;?;?;?;Italienisch;;;;;;;
;VD18 10453539;?;1722; Der Italiänische Robinson, oder Gantz sonder- und wunderbahre Avanturen Don Antonio De Buffalis, Eines Italiänischen von Adel;Deutsch;Hamburg;Wiering;;Zu honnêter Gemüths-Ergötzung der Teutschen Welt mitgetheilet;https://digi.ub.uni-heidelberg.de/diglit/la_barre_beaumarchais1722/0007/image,info,thumbs;Antoine de La Barre de Beaumarchais;?;Avantures de Don Antonio de Buffalis;Französisch;;;;;Roman;;
;VD18 12954969 ;?;1715; Die Begebenheiten der Armide;Deutsch ;Frankfurt am Main/Leipzig;Monath, Peter Conrad;übersetzet;Nunmehro aber Wegen der artigen Schreib-Art, und untermischten vielen guten Sitten-Lehren, in das Teutsche übersetzet;;Pierre Joulett;1600; Les amours d'Armide;Französisch;;;;;Roman;;
;VD18 11255536;;1723; Die Belohnte Untreu, Oder Liebes-Geschicht Der Gräfin von Bouteville Nachmahln vermählter Hertzogin von Chatillon, Wegen derer darinn enthaltenen gantz besondern Umständen und artigen Begebenheiten;Deutsch ;Franckfurt/Leipzig /Albrecht /[Nürnberg]/Albrecht;Albrecht, Johann;übersetzt;;;?;?;?;Französisch;;;;;Roman/Satire;;
;VD18 12818585; Adam Gottlieb Arnold;1724;[Nützliches Rosen-Gebüsche] Adam Gottlieb Arnolds Nützliches Rosen-Gebüsche;Deutsch;Rothenburg; Hoffmann, Johann Thomas;übersetzt;;;?;?;?;Französisch;;;;;;;
;VD18 10850678;Veit Warbeck;1725; Historia von der Schönen Magelona;Deutsch ;o.O.;?;in das Teutsche verdolmetschet;;;anonym;1492; Histoire du vaillant chevalier Pierre de Provence et de la belle Maguelonne;Französisch;;;;;Roman;;
;?VD18 90584538;?;1725; Der Wiedererstandene Eulenspiegel;Deutsch;o.O.;?;Aus Sächsischer Sprache auf gut Hoch-Teutsch verdolmetschet;;;?;?;?;Sächsisch;;;;;Volksbuch;;
?Erzähllit.?;VD18 11721197 ;anonym;1726; Die wohl angeschlagene Bade-Cur Verschiedener Hoher Standes-Personen;Deutsch ;Leipzig;Immig, Christoph Carl;übersetzt;;http://digital.bib-bvb.de/webclient/DeliveryManager?pid=10762194&custom_att_2=simple_viewer;?;?;?;Spanisch;;;;;?;;
;VD18 10802894;anonym;1729;"Wahrhaffte und merckwürdige Lebens-Beschreibung JORIS PINES von Dublin aus Irland
bürtig";Deutsch ;o.O.;;übersetzet;;;Henry Neville;1668; Isle of pines ;Englisch;;;;;Roman;;
;VD18 14213303;?;1726;"La Nouvelle Astrée; Oder Das wunderliche Liebes-Schicksal der Liebens-würdigen Astreen
und Seladons";Deutsch ;Leipzig;Martini, Johann Christian;übersetzet;der Artigkeit wegen aus dem Frantzösischen ins Teutsche übersetzet;;Honoré  Urfé;1712;La nouvelle Astrée;Französisch;;;;;Novelle;;
;VD18 11444711; Leonhard Rost-Meletaon;1727; L'Heroine Mousquetaire, Oder Fräuleins Christinen, Baronesse de Meyrac, Lebens-Liebes- Und Helden-Geschichte ;Deutsch ;[Altenburg];;übersetzt;ins Teutsche übersetzt;; Jean de Préchac;1680; L'Heroïne mousquetaire, ou histoire véritable de Mademoiselle Christine, Contesse de Meyrac;Französisch;;;;;Roman;;
;VD18 1074083X ;Johann Heinrich Liebers;1728; Des Capitain Lemuel Gullivers Reisen in entlegene Länder ...;Deutsch ;Leipzig; Körner, Johann Christoph;übersetzet;Wegen derer besondern darinne befindlichen Staats- und Sittenlehren, (...) ins Teutsche übersetzet;;Jonathan Swift;1726;Travels into Several Remote Nations of th World. In Four Parts. By Lemuel Gulliver;Englisch;?;1727;Voyages du Capitaine Lemuel Gulliver;Französisch;Roman;;
;VD18 1181604X;?;1729; Wahrhaffte und curieuse Liebes-Geschichte Des Jesuiten Sainfroids Und der Scheinheiligen Eulaliæ;Deutsch ;o.O.;?;übersetzet;Wegen der dabey vorkommenden Gantz besondern Begebenheiten Aus dem Frantzösischen ins Teutsche übersetzet;https://books.google.de/books?id=r11WAAAAcAAJ&hl=de&pg=PP1#v=onepage&q&f=false;anonym;?; Les amours de Sainfroid;Französisch;;;;;Roman/Satire;;
;VD18 11604611 ;Ludwig Ernst von Faramond;1718; Fernere Abbildung Des Unchristlichen Christenthums, Oder Antwort-Schreiben, Welches der bekehrte Chineser Maovenlung aus der Kayserl. Residentz-Stadt Peking an seinen in Engelland befindlichen vertrauten Freund Pavang abgehen lassen;Deutsch ;Frankfurt am Main/Leipzig;?;übersetzet;Aus der Chinesischen Sprache in die Englische und aus dieser in die Deutsche übersetzet;;?;?;?;Chinesisch;?;?;?;Englisch;Erzählung;;
;VD18 11786353;Birckenmeyer;1730-1740 ; Miraculoso Florisonti, in denen gantz ungemeinen Begebenheiten einer Vornehmen Standes-Person vorgestellet;Deutsch ;Hamburg;Verlag: König &Richter;übersetzet;;;Antoine François Prévost;?;Mémoires et aventures d'un homme de qualité, qui s'est retiré du monde;Französisch;;;;;Roman;;
;VD18 10759301; Rudolph August Heyland;1730; Asmodeus Oder Der hinckende Ehe-Deuffel;Deutsch ; Hamburg/Kiel;Heyl, Samuel;übersetzet;Durch einer neuen mit einem Tomo vermehrten Edition mit Fleiß ins Teutsche übersetzet;;Alain René Le Sage;1707;Le Diable boiteux;Französisch;;;;;Roman;;
;VD18 11132280;August Bohse;1719-1752; Die Tausend und Eine Nacht, Worinnen Seltzame Arabische Historien und wunderbare Begebenheiten, benebst artigen Liebes-Intriguen, auch Sitten und Gewohnheiten der Morgenländer, auf sehr anmuthige Weise erzehlet werden;Deutsch ;Leipzig; Weidmann, Moritz Georg;übersetzt;aus der Arabischen Sprache in die Frantzösische, und aus selbiger anitzo ins Teutsche übersetzt;;?;751-800;Alf laila wa-laila;Arabisch;Antoine Galland;1704-1717;es mille et une nuits: contes arabes.;Französisch;Märchen/Erzählung;;
; VD18 13310011  ;?;1730;" Der Spanische Robinson; oder Sonderbahre Geschichte des Gil Blas von Santillana";Deutsch ;Hamburg/Leipzig; Thomas von Wiering Erben (Hamburg)/Philipp Härtel (Leipzig);übersetzt;;;Alain René Le Sage;1715; Histoire de Gil Blas de Santillane;Französisch;;;;;Roman;;
;;Anna Sophie von Anhalt-Bernburg ;1624;Die Erzehlungen aus den mittleren Zeiten;Deutsch ;Anhalt;Fruchtbringende Gesellschaft/Tugentliche Gesellschaft ;;"(mit anderen Gesellschafterinnen der ""Tugendlichen Gesellschaft"": Louisa Amalia von Anhalt-Bernburg; Sibylla Elisabeth von Anahlt-Bernburg; Cunigunde Juliana von Anhalt-Dessau; Eleonora Dorothea von Anhalt-Dessau; Amoena Amalia von Anhalt-Köthen; Loysa Amoena von Anhalt-Köthen; Sophie Elisabeth von Braunschweig-Lüneburg; Eleonore Maria von Mecklenburg-Güstrow)";;anonym;1572;Novellino': Cento novelle antiche;Italienisch;;;;;Novellensammlung;;
;;Sophia von Anhalt-Köthen;1641;Die Verachtung der Welt in sieben Betrachtungen;Deutsch ;Anhalt;;übergesetzet;ins Deütsche von Jahren übergesetzet;;;;Mépris du monde?;Französisch;;;;;;;
;;Sophie Elisabeth von Braunschweig-Lüneburg;1641;Die Geschichte der Dorinde;Deutsch ;;;;;;  Honoré d'Urfé;1607-1627;Auszug aus: L'Astrée;Französisch;;;;;Schäferdichtung, Roman;;
;;Sibylle Ursula von Wolfenbüttel-Braunschweig;1641-1652;Astrée [dt.];Deutsch ;;;;;;  Honoré d'Urfé;1607-1627; L'Astrée;Französisch;;;;;Schäferdichtung, Roman;;
;VD17 39:120241L; Christoph Kormart;1685-1688; Die Aller-Durchlauchtigste Käyserin Statira oder Cassandra;Deutsch ;Leipzig;Gleditsch, Johann Friedrich/Götze, Christian;übersetzet;Aus dem Frantzös- und Holländischen ins Teutsche übersetzet; http://nbn-resolving.de/urn:nbn:de:gbv:3:1-623579; Gautier de Coste de La Calprenède;; Cassandre ;Französisch;;;;Niederländisch;Roman;;
;;Sibylle Ursula von Wolfenbüttel-Braunschweig;1656;;Deutsch ;;;;;; Gautier de Coste de La Calprenède;1642–1650 ; Cassandre ;Französisch;;;;;Roman;;
;;Sibylle Ursula von Wolfenbüttel-Braunschweig;1659;;Deutsch ;;;;;; Gautier de Coste de La Calprenède;1647–58;Cléopatre;Französisch;;;;;Roman;;
;VD18 15326985;anonym;1711;Liebes-Geschichte Des Hertzogs von Nemours Und Der Printzeßin von Cleve;Deutsch ;Leipzig/Frankfurt/Amsterdam;Pauli, Johann [Verlag];übersetzet;Wegen seiner ungemeinen Anmuth / Aus dem Frantzösischen ins Teutsche übersetzet;http://mdz-nbn-resolving.de/urn:nbn:de:bvb:12-bsb10780549-1 ; Lafayette <Madame de>;1695;Amourettes du Duc de Nemours et Princesse de Cleves;Französisch;;;;;Roman;;
;                                                                               ;Eleonore Maria von Mecklenburg-Güstrow;1623;;Deutsch ;;;;;;Pierre du Moulin;;Heraklit;Französisch;;;;;;;
;VD17 12:101896M;Georg Philipp Harsdörffer;1661;Heraclitus und Democritus: Das ist: C. Fröliche und Traurige Geschichte ;Deutsch ;Nürnberg; Endter, Michael;gedolmetscht;; http://resolver.staatsbibliothek-berlin.de/SBB0001CA8600000000; Jean Pierre Camus;; Héraclite et Démocrite;Französisch;;;;;;veröffentlichte ihre Schriften auf Deutsch, Holländisch und Latein. Die Typologisierung und einige Begrifflichkeiten der Entomologie sind dabei zumindest teilweise als Eigenübersetzung entstanden.;
;VD16 H 5854;Elisabeth von Nassau-Saarbrücken (geb. Herzogin von Lothringen);1500;Huge Scheppel. Ein lieplichs lesen vnd warhafftige Hystorij (...);Deutsch ;Straßburg;Grüninger, Johann;dutsch gemacht/bedütschet;von welsch ezu dutsch gemacht / Die es durch sich selbs also bedütschet hat;;?;?;Hugues Capet;Französisch;;;;;"Französisches  Chanson de geste; Nass.-Saar: Volksbuch";;
;VD16 H 2674;Elisabeth von Nassau-Saarbrücken (geb. Herzogin von Lothringen);1514;Herpin. Der¬ weis Ritter || wie er so getruwlich beistund ritter Leu||wen/ des Hertzogen sun von Burges/ das er zů letst ein künnigreich besaß.||;Deutsch ;Straßburg;Grüninger, Johann;;;;?;?;?;Französisch;;;;;;;
;VD16 ZV 31654;Elisabeth von Nassau-Saarbrücken (geb. Herzogin von Lothringen);1514;Loher und Maller. Ein schöne warhaftige hy//story von Keiser Karolus sun genant Loher;Deutsch ;Straßburg;Grüninger, Johann;macht es ...zu tütsch;;;?;?;?;Französisch;;;;;Prosaepos;;
;VD16 P 4244;Eleonore Magdalena Theresia von Österreich ;1483;Pontus und Sidonia;Deutsch ;Augsburg;Schönsperger;;in Vorrede der Ausgabe von 1483: löblich von frantzosischer zungen in teütsch getranßferiert;;vermutlich: Geoffroy IV de la Tour Landry ;1400;Ponthus et la belle Sidoyne;Französisch;;;;;Übersetzung eines höf. Romans;;
;;Henrica Maria Schelhammer;1696;Die Erleuchtete Sklavin;Deutsch ;Braunschweig;Gruber;;;;;;;Französisch;;;;;Erzählung;;
;;Maria Sophia Schelhammer;1699;Des Glückes Wanckelmuth;Deutsch ;;;;;;Giovanni Boccacio;;;Italienisch;;;;;;;
;VD18 10091653;Araldo [=Hahn, P. Fr. ?];1701; Lebens-Beschreibung des Lazarili von Tormes, Oder Einige artliche Erzehlungen und Begebenheiten etlicher Welt-Händel, so sich im itzigen 1700 Seculo begeben;Deutsch ;Freiburg;;übersetzet;;;Mutmaßl. Verfasser: Diego Hurtado de Mendoza;1554;"La vida de Lazarillo de Tormes, y de sus fortunas y adversidades	";Spanisch;"Barezzo Barezzi		Larazillo de Tormes	Italienisch";1622-1635;Larazillo des Tormes;Italienisch;Roman, Satire;;
;VD18 10456597;anonym;1701; Das entmaskete Frauenzim[m]er/ Oder Die entdeckte Liebe;Deutsch ;Jena; Meyer, Johann;übersetzet;;; Jean-Jacques de Quesnot de La Chesnée;1698;La femme démasquée, ou l'amour peint selon l'usage nouveau;Französisch;;;;;erotische Literatur;;
Erzähllit.?;VD18 14360241;anonym;1701; Neu-eröffnete Schatz-Kammer Allerhand rarer und auserlesener Historien uñ[n][d] Curiositäten;Deutsch ;Nürnberg;Joh. Helmers, Rudolph (Buchhändler), gedruckt bei Melchior Gottfried Hein;übersetzet;ins Teutsche übersetzet;;?;?;?;Französisch;;;;;;;
;VD18 90885198 ;Christian Wernicke;1702; Ein Helden-Gedicht/ Hans Sachs genannt;Deutsch ;Altona;Reimers, Christian;übersetzet;;;John Dryden;1678;"Mac Flecknoe; or, A satyr upon the True-Blue-Protestant Poet, T.S.";Englisch;;;;;Verssatire;;
;"VD18 12885037
";August Bohse;1707; Staats-Roman, Welcher unter der denckwürdigen Lebens-Beschreibung Telemachi Königl. Printzens aus Ithaca, und Sohns des Ulyssis vorstellet;Deutsch ;Breslau;Bauch, Christian;übersetzet;ins Deutsche übersetzet;http://mdz-nbn-resolving.de/urn:nbn:de:bvb:12-bsb10091251-9;François Salginac de la Mothe Fénelon;1699; Les aventures de Télémaque;Französisch;;;;;Roman;;
;VD18 11445637; Maria Eleonora Francisca Cajetana Aloysia von Sporck;1710; Der Auß dem Irrthum gebrachte Hoffmann Oder Die Gedancken eines Edelmanns;Deutsch ; Lysá;?;übersetzt;in die Teütsche Sprach übersetzt;;?;?;?;Französisch;;;;;;;
;VD18 1532513X;Fernando';1710; Der Welt-bekannten Madame de Maintenon Liebes- und Lebens-Avanturen ;Deutsch ;Freiburg;?;übersetzet;ins Teutsche übersetzet;http://mdz-nbn-resolving.de/urn:nbn:de:bvb:12-bsb10049928-9;Pierre le Noble;1690; La cassette ouverte de l'illustre criole, ou les aventures de Madame de Maintenon;Französisch;;;;;;;
;VD18 10493816 ;P. Leander ;1711;Der schöne Pohlack : In einer gantz neu- und galanten Liebes-Geschicht vorgestellet;Deutsch ;Köln;Marteau, Pierre /Hammer, Peter;übersetzet;in die Hoch-teutsche Sprache übersetzet;;Jean de Préchac;1681; Le beau Polonois;Französisch;;;;;;;
;VD18 10504427;anonym;1711; Des Galanten Frauenzimmers kluge Hofmeisterin;Deutsch ; Leipzig; Fritsch, Thomas;übersetzt;ins Teutsche übersetzt;;?;?;?;Französisch;;;;;;;
;VD18 10850740;anonym;1711; Der Lahme Teuffel;Deutsch ;o.O.;?;übersetzet;In das Teutsche übersetzet;;Alain René LeSage;1707;Le diable boiteaux;Französisch;;;;;Roman;;
;VD18 13438247;anonym;1711; Der Hinckende Teufel/ Des berühmten Monsr. le Noble ;Deutsch ;Köln;Marteau, Pierre;;;;"Alain René LeSage		";1707;"	Le diable boiteaux";Französisch;;;;;;;
;VD18 15322815;anonym;1712; Der Müßige Amant, In welchem Funffzig Neue Spanische Geschichte vorgestellet werden ;Deutsch ;Wien/Leipzig;Grahl, Gabriel;übersetzet;in die Teutsche Sprache übersetzet;http://mdz-nbn-resolving.de/urn:nbn:de:bvb:12-bsb10780516-5 ;Savinien Riflé de Garouville;1671; L' amant oisif;Französisch;;;;;;;
;VD18 90241924;anonym;1713; Der verwegene, doch allezeit beglückte Amant Oder curieuse Liebes-Begebenheiten Des Dom Antonio;Deutsch ;o.O.;?;übersetzet;;http://mdz-nbn-resolving.de/urn:nbn:de:bvb:12-bsb10087555-2;;;;Französisch;;;;;Roman;;
;VD18 13098349 ;anonym;1714;Lustige, warhaffte und satyrische Historie des Francions;Deutsch ;Leiden [i.e. Nürnberg] : Drummond [i.e. Monath]; Monath, Peter Konrad;übersetzt;ins teutsche übersetzt;;;;;Französisch;;;;;Roman;;
;VD18 10220402  ;anonym;1714;Esopi Fabeln;Deutsch ;Leipzig;Fritsch;übersetzt;Mit Roger l'Estrange Lehren u. anmerckungen aus dem englischen übersetzt;;Äsop (Aesopus);ca. 6. Jh. v. Chr. ;Corpus Fabularum Aesopicarum;Latein ;Roger l'Estrange?;;;Englisch;Fabeln;;
; VD18 10233369 ;Gabriel Rollenhagen;1717;Indianische Reisen Durch Die Lufft, Wasser, Land, Hölle, Paradieß und Himmel. Biß daher unerhört und ungläublich ;Deutsch ;Frankfurt am Main/Leipzig;Nicolai;übersetzet; Ins Teutsche aus dem Griechischen und Lateinen übersetzet ;;;;;Griechisch;;;;Latein;Fabeln?;;
;VD18 10989358  ;L.C.S.;1719; Poëtische Gedancken Von der Sehn-Sucht Der Lüstern Nase;Deutsch ;o.O.;?;übersetzet;;;;;;Latein;;;;;versifizierte Satire?;;
;VD18 10981462  ;anonym;1719;Der Richter in seiner eignen Sache;Deutsch ;Bremen;Grimm, Johann Andreas;übersetzet;Aus dem Französischen des berühmten Scarron übersetzet;;Paul Scarron;;?;Französisch;;;;;Erzählung;;
;VD18 10421750 ;anonym;1719;Der glückliche Schiffbruch;Deutsch ;Kölln [fingiert: Altenburg];Richter, Johann Ludwig;übersetzet;;;Louis de Mailly;1718;L'Heureux Naufrage;Französisch;;;;;Roman;;
;VD18 14014645;anonym;1719; Die Gekrönte Beständigkeit in einer ungemein curieusen Liebes-Geschicht der Marquisin de Mauleon;Deutsch ;Frankfurt am Main/Leipzig;"Hagen, Johann Martin  	";übersetzt;;;;;;Französisch;;;;;Roman;;
;VD18 1049300X;Joachim Meier;     1720;Die Türckische Asterie;Deutsch ;Göttingen;In Verlegung des Autors;übersetzet;;;Marie Cathérine Hortense Desjardins de Villedieu;1675;Astérie ou Tamerlan;Französisch;;;;;Roman;;
;VD18 1125551X ;Johann Friedrich Riederer [Iriflor]; 1720;Das verwunderliche Leben des Pedrille del Campo ;Deutsch ;Frankfurt am Main/Leipzig;;übersetzet;Jn unsere Hoch-Teutsche Sprache übersetzet ;;?;?;?;Französisch;;;;;Roman;;
;VD18 11304219;Johann Friedrich Riederer [Iriflor];1721; Die Durchleuchtige Burgers Tochter in Paris;Deutsch ;Frankfurt am Main/Leipzig;;übersetzet;Aus der Frantzösischen Sprache in unsere Hochteutsche getreulich übersetzet;;Jean de Préchac;?;?;Französisch;;;;;Roman;;
;VD18 1086119X ;anonym;1725;Curieuse Reise nach der Insul der Liebe;Deutsch ;[Köln] [fingiert];Marteau, Pierre;übersetzt;;;?;?;?;Französisch;;;;;Roman;;
;VD18 14492245 ;anonym;1725;Des berüchtigten Spitz-Buben in London, John Sheppards, lasterhafftes Leben und Schändliches Ende ;Deutsch ;[nicht ermittelbar];[nicht ermittelbar];übersetzet;in das Teutsche übersetzet;http://mdz-nbn-resolving.de/urn:nbn:de:bvb:12-bsb10348878-3 ;anonym;?;The life and exploits of John Sheppard;Englisch;;;;;"Roman, ""Kolportageliteratur""";;
;VD18 11018925;anonym;1726;Die Verheurathete Liebe, Oder die im Ehestande sich befindene Narrheit;Deutsch ;o.O.;?;übersetzet; ins Teutsche übersetzet;;?;?;?;Französisch;;;;;;;
;VD18 10853235 ;anonym;1726;Eine Wunderschöne Historie Von dem gehörnten Siegfried;Deutsch ;Braunschweig, Leipzig;[nicht ermittelbar];übersetzt; ins Teutsche übersetzt;;?;?;?;Französisch;;;;;Volksbuch;;
;VD18 11444711;Leonhard Rost-Meletaon;1727;L'Heroine Mousquetaire, Oder Fräuleins Christinen, Baronesse de Meyrac, Lebens-Liebes- Und Helden-Geschichte ;Deutsch ;[Altenburg];;übersetzt;ins Teutsche übersetzt;;Jean de Préchac;1679;L'Heroïne mousquetaire, ou histoire véritable de Mademoiselle Christine, Contesse de Meyrac <dt.>;Französisch;;;;;Roman;;
;VD18 1181604X;?;1729;Wahrhaffte und curieuse Liebes-Geschichte Des Jesuiten Sainfroids Und der Scheinheiligen Eulaliæ;Deutsch ;o.O.;?;übersetzet;ins Teutsche übersetzet;;?;?;Les amours de Sainfroid;Französisch;;;;;Roman;;
;VD18 10802894;?;1729; Wahrhaffte und merckwürdige Lebens-Beschreibung Joris Pines von Dublin aus Irrland bürtig;Deutsch ;o.O.;?;übersetzet;;;Henry Neville;1668; Isle of pines;Englisch;;;;;Roman;;
;VD18 11786353 ;Birckenmeyer;1730-1740;Miraculoso Florisonti, in denen gantz ungemeinen Begebenheiten einer Vornehmen Standes-Person vorgestellet;Deutsch ;Hamburg;König und Richter;übersetzet;;;Antoine François Prévost d'Exilles;1728-1731;Mémoires et aventures d'un homme de qualité, qui s'est retiré du monde;Französisch;;;;;Roman;;
;VD18 10759301;Rudolph August Heyland ;1730; Asmodeus Oder Der hinckende Ehe-Deuffel;Deutsch ;Hamburg/Kiel; Samuel  Heyl;übersetzet;Durch einer neuen mit einem Tomo vermehrten Edition mit Fleiß ins Teutsche übersetzet;;Alain René Le Sage;1707;Le Diable boiteux;Französisch;;;;;Roman;;
;VD18 1075931X ;?;1726;" Der Spanische Robinson; oder Sonderbahre Geschichte des Gil Blas von Santillana";Deutsch ;Hamburg/Leipzig;"Philipp Härtel/ 	
Thomas von Wiering Erben
";übersetzt;;;Alain René Le Sage;1715-1735; Histoire de Gil Blas de Santillane;Französisch;;;;;;;
;VD17 23:285265X;?;1612;Ein schönes Gedicht, Der Ameisen vnnd Mucken-Krieg;Deutsch ;Straßburg ;Carolus [Verlag];;;http://digi.ub.uni-heidelberg.de/diglit/schnurr1612;Teofilo Folengo (Pseud.: Cocai, Merlin) ;1521;Opvs Merlini Cocaii Poete Mantuani Macaronicorum;Latein ;;;;;;;
;;Hans Cristoph Fuchs;1600;Mueckenkrieg: Darin zu befinden, Welcher gestalt die Muecken, neben ihren Mitverwanthen und Bundsgenossen, sich wider die Ameissen, und derselben Beistand, in mercklicher anzal [...] zu Feld gelagert;Deutsch ;Amberg;Forster [Verlag];;;;Teofilo Folengo (Pseud.: Cocai, Merlin) ;1521;Opvs Merlini Cocaii Poete Mantuani Macaronicorum;Latein ;;;;;;;
Erzählliteratur?;;?;;Academische Scherz-Lust, oder Liebs-Bsechreibung;Deutsch ;Bremen;Jakob Köhler;;;;Bizzarrie academiche;1634;Bizzarrie academiche;Italienisch;;;;;;;
;;"Johann Wilhelm von Stubenberg
";1653;"König Demetrius
";Deutsch ;Nürnberg;Endter, Michael;;;;"Luca Assarino	";1643;Il Demetrio;Italienisch;;;;;;;
Erzählliteratur?;;?;;Roma Denudata, oder Entblössetes Rom;;?;?;;;;"Ferrante Pallavicino
";1643;L\' Anima di Ferrante Pallavicino;Italienisch;;;;;Satire;;
;VD18 1532513X;Fernando;1710;Der weltbekannten Madame de Maintenon Liebes- und Lebens-Avanturen;Deutsch ;Freiburg;?;;;;Pierre Le Noble;1690;"Cassette (La) ouverte de l’illustre Criol
";Französisch;;;;;;;
;;Johann Fiedler;1653;Marggraf Walther: das ist, Eine wunderliche und lustige Historia vom weiblichem, gehorsam und treu;Deutsch ;Dresden;Bergen [Bergen];ins Deutsche versetzt;;;unbekannt;;unbekannt;Latein ;;;;;;;
;VD18 90846222;"Kampanella
";1712;Das Leben oder wunder-seltsame (nicht weniger voller avanturliche) Historien des Herren Roselli;Deutsch ;Pampalune??;Le Marechal [Verlag];;;;unbekannt;;unbekannt;Französisch;;;;;;;
;VD1723:669575Q;?;1673;Der von seinem Trohn gestürtzte Hochmuth in Einem unverhasseten Exempel vorgestellet;Deutsch ;Frankfurt/Leipzig;Wolff [Verlag];;;;unbekannt;;unbekannt;Italienisch;;;;;;;
;;?;1668;Unterschiedliche sehr anmuhtige Geschichte und sonderbar-nützliche Reden;Deutsch ;Stralsund ;?; ins Teutsche übertragen;;;unbekannt;;unbekannt;Französisch;;;;;;;
;VD17 39:137041H;;1696;Der Persianische Baum-Garten;Deutsch ;Hamburg;; in die Hochteutsche Sprache gebracht;Umb seiner Vortrefflichkeit willen aus der Persianischen in die Niederländische/ und aus derselben in die Hochteutsche Sprache gebracht;http://diglib.hab.de/drucke/cc-2f-3/start.htm?image=01205;Saʿdī ;1259;Bustān;Persisch;;;;Niederländisch;;;
;;Heinrich Steinhöwel;1601;Fabulae;Deutsch ;Frankfurt an der Oder;Friedrich Hartman;;;;Äsop;620- 564 v. Chr;Fabulae;Latein;;;;;;;
;;Martin Luther/Johannes Mathesius/Nathan Chyträus ;1591; [Hundert Fabeln/ || Mehrtheils auß || Esopo/ etliche von D. Mart. || Luth. vnd Herrn Mathesio/ etliche von || Nathan Chytraeo vnd andern verteutschet/ || vnd mit einem kurtzen Appendix || vermehret.;Deutsch ;Frankfurt am Main;Melchior Hartmann;verteutschet;;;Äsop;620- 564 v. Chr;Fabulae;Latein;;;;;;;
;VD17 12:132949W;Johann Sieder ;1605;Sehr liebliches/|| Kurtzweiliges || Kuͤnstliches vnd nuͤtz=||liches Gedicht || Lucij Apuleij/ deß Fuͤr=||trefflichen/ Weitberům̃ten/|| alten Philosophi vnnd || Oratoris;Deutsch ;Frankfurt am Main;Zacharias Palthenius;ubersetzt; ins Hoch=||teutsch ubersetzt;http://mdz-nbn-resolving.de/urn:nbn:de:bvb:12-bsb10243708-2 ;Apuleius;101-200;Metamorphoses;Latein;;;;;Roman;;
;VD17 1:088472A;Nikolas von Wyle ;1620;Der Guͤlden Esel || Ein schoͤne Hi=||story von dem Esel Luciani;Deutsch ;Magdeburg;Johann Francke;;;http://resolver.staatsbibliothek-berlin.de/SBB00000DAF00000000;Lucianus;101-200;Asinus;Griechisch;Gian Francesco Poggio Bracciolini ;;;Italienisch;Roman;;
;VD17 12:645377V;Julius Wilhelm Zincgref ;1618;Facetiae Pennalium;Deutsch ;o.O.;?;verteutschet;zum theil verteutschet/ und zum theil auß dem täglichen Prothocollo der heutigen Pennal zusammen getragen : Mit sampt etlichen angehengten underschiedlichen Characterismis oder Beschreibungen des Pennalismi, Pedantismi, und Stupiditatis oder der Stockheiligkeit; http://mdz-nbn-resolving.de/urn:nbn:de:bvb:12-bsb10577201-8;(Pseudo-)Hierocles;;Facetiae Pennalium;Latein;;;;;Fazetien?;;
;VD17 ZV 30895;anonym;1624; ;Deutsch ;Magdeburg;Johann Francke;;;;anonym;201-300.;Historia apollonii regis Tyri ;Latein;;;;;Roman;;
; VD17 23:285665U; Niclas Ulenhart;1643;Zwo kurtzweilige/ lustige/ und lächerliche Historien : Die Erste/ Von Lazarillo de Tormes/ einem Spanier/ was für Herkommens er gewesen [...] Die Andere/ Von Isaac Winckelfelder/ und Jobst von der Schneid [...];Deutsch ;Schwäbisch Hall ;Lentz, Johann;;ins Teutsche gantz trewlich transferirt ;;Mutmaßl. Verfasser: Diego Hurtado de Mendoza;1554;La vida de Lazarillo de Tormes, y de sus fortunas y adversidades;Spanisch;;;;;Roman, Schwank, Volksbuch;;
;VD17 1:694655V;?;1680;Schöne bewegliche und Anmuthige Historien/ Von Marggraf Walthern;Deutsch ;o.O.;?;—;—;http://resolver.staatsbibliothek-berlin.de/SBB0001CA5100000000;Giovanni Boccaccio;1349 - 1353;Decamerone;Italienisch;Francesco Petrarca;?;Epistola...de historia Griseldis mulieris maxime constantie et patientie;Latein;Volksbuch;;
;VD17 1:088067L;Georg Philipp Harsdörffer;1657;Mercurius Historicus Der Historische Mercurius. Das ist: Hundert Neue und denckwürdige Erzehlungen/ Theils trauriger/ theils frölicher Geschichte;Deutsch ;Hamburg;"Naumann, Johann;
Pfeiffer, Michael";gedolmetscht;;http://mdz-nbn-resolving.de/urn:nbn:de:bvb:12-bsb10862286-1;u.a. Jean Nicolas Parival;;[Sammlung verschiedener Erzählungen];Französisch;;;;;;;
; VD17 3:308850Z;Johann Helwig;1648;Ormund Das ist/ Lieb- und Helden-Gedicht/ ;Deutsch ;Frankfurt am Main;Zunner, Johann David;übergesetzet;Durch einen Liebhaber der Teutschen Muttersprache in das Teutsche übergesetzet;http://mdz-nbn-resolving.de/urn:nbn:de:bvb:12-bsb10926380-0;Francesco Pona;1636;L' Ormondo ;Italienisch;;;;;Satire;;
;VD17 12:646546H;anonym;1650; Ein Sehr kurtzweiliger Proces Zwischen der Sammeten Hose und Tuchen Hose ;Deutsch ;o.O.;—;übergesetzet;in Hochdeutsche Spraache übergesetzet;http://mdz-nbn-resolving.de/urn:nbn:de:bvb:12-bsb10576223-4;Robert Greene;1552;"A quip for an vpstart courtier: or, A quaint dispute betvveen veluet breeches and cloth-breeches: Wherein is plainely set downe the disorders in all estates and trades
";Englisch;anonym;1601;Nieus uyt Engelandt oft Een vermakelick Proces Tusschen Fluweele-Broeck ende Lake-Broeck: Waer in verhaldt werdt het misbruyck van de meeste deel der menschen;Niederländisch;;siehe Neuauflage/Nachdruck: Felßecker;
;—;Ludwig Friedrich Vischer;1720;Das Leben und die gantz ungemeine Begebenheiten des berühmten Engelländers, Mr. Robinson Crusoe (...) [Teil 1];Deutsch ;Hamburg;Wierings Erben ;;;;Daniel Defoe;1719;"The Life and Strange Surprizing Advebtures of Robinson Crusoe; being the Second and Last Part of his Life";Englisch;;;;;Roman;Vischer: direkte Übersetzungder englischen Vorlage ohne französische Intermedirübersetzung. Otto Deneke stellt fest: die fünf verschiedenen des 1. Teils unterscheiden sich nur durch Titel und Verlagsort, gehen aber allesamt auf Vischers Übersetzung zurück;
;—;Ludwig Friedrich Vischer;1720;Des Lebens und der gantz ungemeinen Begebenheiten des berühmten Engelländers, Mr. Robinson Cruseoe, Zweyter und Letzter Theil;Deutsch ;Hamburg;Wierings Erben ;übergesetzet;nach dem Englischen Original mit aller Treue ins Teutsche übergesetzet;;Daniel Defoe;1719;The farther Adventures of Robinson Crusoe;Englisch;;;;;Roman;Teil 2: Hamburg 1720 (Vischers Übersetzung aus dem Englischen),Leipzig 1720 (beginnt als selbstständige Übersetzung, dann zunehmend Anklänge an Fischers Version), Nürnberg 1720 (basiert nur auf der französischen Intermediärübersetzung, ist jedoch ein Nachdruck der Leipziger Ausgabe, die das Erscheinungsdatum 1721 trägt), Leipzig 1721 (indirekte Übersetzung aus dem Franzsischen), Leipzig 1721 (selbstständiger Druck, ansonsten identisch mit Leipziger Übersetzung aus dem Französischen). Nürnberger Übersetzung, verlegt von Felßecker, setzte sich in Deutschland durch;
;—;?;1721;Das Leben und die gantz ungemein merckwürdigen  Begebenheiten des Weltberühmten Robinson Crusoe. Anderer Thei (...);Deutsch ;Leipzig;Weidmann;übersetzet;um seiner Fürtrefflichkeit willen (...) ins Teutsche übersetzet;;Daniel Defoe;1719;The farther Adventures of Robinson Crusoe;Englisch;;;;;Roman;;
;VD18 10802940;? ;1720; Des Welt-berühmten Engelländers Robinson Crusoe Leben und gantz ungemeine Begebenheiten. Anderer Theil (...);Deutsch ;Nürnberg; Felßecker, Adam Jonathan;übersetzet; um seiner Fürtrefflichkeit willen (...) ins Teutsche übersetzet;;Daniel Defoe;1719;The life and strange surprising adventures of Robinson Crusoe;Englisch;Thémiseuil de Saint-Hyacinthe u. Justus Van Effen;1720;La Vie et les avantures surprenantes de Robinson Crusoe;Französisch;Roman;;
;VD18 14551438 ;?;1721; Ernstliche und wichtige Betrachtungen Des Robinson Crusoe, Welche er bey den Erstaunungsvollen Begebenheiten seines Lebens gemacht hat [Teil 3];Deutsch ;Amsterdam;?;übersetzt;;;Daniel Defoe;1720;Serious Reflections During the Life And Surprizing Adventures of Robinson Crusoe;Englisch;Thémiseuil de Saint-Hyacinthe u. Justus Van Effen;1721;Réflexions sérieuses et importantes de Robinson Crusoe;Französisch;Roman;;
;VD18 10802908;?;1728;Der Englische Einsiedler;Deutsch ;Hamburg;Wierings Erben ;übersetzt;;;Peter Longueville;1727;The English Hermit;Englisch;?;1728;Le Solitaire anglois;Französisch;;"das aus dem Englischen übersetzte Werk wurde anhand des Französischen redigiert; VD18 10802908: Nachdruck Nürnberg 1729";
;VD18 13018655;?;1712;Die entdeckte geheime Histoire von der Königin Sahra und denen Sahracenern oder Die Hertzogin von Marlborough desmasquiret (Fortsetzung?: Continuation Der Geheimen Histoire von der Königin Sahra Und denen Sahracenern, oder die Hertzogin von Marleborough ohne Masque);Deutsch ;Haag ;Petkio, Hinrich;communiciret;Aus Frantzösischer Nachricht (...) communiciret werden;;Mrs Mary de la Riviere;1705;The Secret History of Queen Zarah and the Zarazians;Englisch;Henry Sacheverell;1708;Histoire secrette de la reine Zarah, et des Zaraziens;Französisch;;;
;—;?;1712;Die Atalantis der Madame Manley oder eine geheime NAchricht von denen vornehmen Personen in Engelland un derselben Intriquen von dem Jahr 1683 bis jetzo.;Deutsch ;Haag ;?;übersetzet;accurat übersetzet;;Mrs Mary de la Riviere;1709;Secret Memoirs and Manners of several Persons of Quality;Englisch;Henri Scheurleer;1713;L' Atalantis de Madame Manley;Französisch;;;
;;Johann Mackle;1667;Reyse-Beschreibung nachher Spanien, voll artiger Geschichten und merckwürdiger Welt-Klugheiten, deren beygefüget eine nachher Engelland;Deutsch ;Frankfurt;Schiele;übergesetzet;anjetzo in d. Teutsche übergesetzet;;Aerssen van Sommelsdyk;;Voyage d'Espagne;Französisch;;;;;;;
;;;1697;Die glückseligen und betrogenen Liebhaber.;Deutsch ;Leipzig;;;;;;;Amans (Les) heureux et malheureux, histoires galantes;Französisch;;;;;;;
Drama?;;;1696;Die betrogene Liebhaber, auff geführet in unterschiedenen curieusen und kurtzweiligen Begebenheiten.;Deutsch ;Cölln/Leipzig;Marteau;;;;;;Amans (Les) trompez. Histoires galantes;Französisch;;;;;;;
;;;1696;Die rasende Liebe, oder die aus ihren Schrancken schreitende Eyffersucht der Italiäner;Deutsch ;Leipzig;Heyebeyen;;;;;;Amour (L') de Madeleine;Französisch;;;;;;;
;;;1682;verliebte Afrikaner, in einer überausz anmuthigen Liebs-Geschicht;Deutsch ;o.O.;;;;;;;Amoureux (L') Africain, ou nouvelle galanterie;Französisch;;;;;;;
;;Anonym;1727;Die umher schweiffende abentheuerliche Rittere wolte derer dabey vorkommenden vielen Seltenheiten halber in der teutschen Sprache bekannt machen ein Unbekannter;Deutsch ;Magdeburg/Leipzig;Seidel & Scheidhauer;;wolte derer dabey vorkommenden vielen Seltenheiten halber in der teutschen Sprache bekannt machen ein Unbekannter;;Louise de Bossigny Ctesse d' Auneuil;;Chevaliers (Les) errans et le génie familier;Französisch;;;;;;;
;;Johann Jacob Feulner;1670;Heroische Geschichte, un sich haltend sechzig absonderliche und höchst-merckwürdige Lehrsätze, den Staat eines Fürsten und Regenten betreffend;Deutsch ;Nürberg;Fürst;ins Teutsche versetzet;;;Audin, prieur de Termes et de La Fage;;Fables héroiques comprenans les véritables maximes de la politique chrestienne, et de la morale;Französisch;;;;;;;
;;Paul Emil v. Mauclere;1728;Merckwürdige Nachricht von einem sehr frühzeitig gelehrten Kinde;Deutsch ;Stettin;Kunckel;;;;Françoist Baratier;;Histories possibles, ou caractère de bons et de mauvois enfans;Französisch;;;;;;;
;;;1704;Der verliete Engeländer oder der vortreffliche und glückselige Graf v. Warwick;Deutsch ;Nürnberg;;;;;Marie Catherine Le Jumel de Barneville Bonne d'Aulnoy;;Comte (Le) de Warwick;Französisch;;;;;;;
;;P. G. v. K.;1744;Der Graf von Warwick;Deutsch ;Berlin;;;;;Marie Catherine Le Jumel de Barneville Bonne d'Aulnoy;;Comte (Le) de Warwick;Französisch;;;;;;;
;;Der blaue Ritter [d. i. Philipp v. Zesen];1644;Liebes-beschreibung Lysanders und Kalisten;Deutsch ;Amsterdam;Elzevier;;;;Vital d'Audiguier, sieur de la Ménor;;Histoire trage-comique de nostre temps ou les amours de Lysandre et Caliste;Französisch;;;;;;;
;;Der blaue Ritter [d. i. Philipp v. Zesen];1644;Die traurige, jedoch frölich-außgehende Historia von Laysandern und Kalisten;Deutsch ;Leyden;;überges.;ins Hoch-teutsche ahrtig überges.;;Vital d'Audiguier, sieur de la Ménor;;Histoire trage-comique de nostre temps ou les amours de Lysandre et Caliste;Französisch;;;;;;;
;;;1591;Warhaffte denckwirdige Histori von ettlihen wütenden rasenden Wölffen, und Schaden, so sie das verloffene 90. Jahr umb Mümpelgart ud Beffort getahn haben;Deutsch ;Foillet;;;;;Jean Bauhin;;Histoire notable de la rage des loups, advenue l'an 1590.;Französisch;;;;;;;
;;Damiro;1719;Der Gräfin von Mortane Lebens-Geschicht in einem angenehmen Liebes-Roman beschrieben;Deutsch ;o.O.;;;;;Catherine née Durand Bédacier;;Comtesse (La) de Mortane;Französisch;;;;;;;
;;;1712;Histoire, oder wunderliche Erzehlung der seltsamen Einbildungen, welche Monsieur Oufle auß Lesung solcher Bücher bekommen, die von der Zauberey...und andern aberglaubischen Dingen handeln;Deutsch ;Danzig;;;;;Abbé Laurent Bordelon;;Histoire des imaginations extravagantes de Monsieur Oufle, causées par la lecture des livres qui traitent de la magie;Französisch;;;;;;;
;;;1687;Der doppelte Hahnrey;Deutsch ;Frankfurt am Main;;;;;Sébastien de Brémond;;Double (Le) cocu. Histoire du tems;Französisch;;;;;;;
;;Isidoro Fidele [d. i. Fürst Johann Friederich v. Anspach-Brandenburg];1679;Der glückselig-Leibeigene;Deutsch ;Onoltzbach;Kretschmann;;;;Sébastien de Brémond;;Heureux (L') esclave, ou relation des avantures d'Olivier de Varenne;Französisch;;;;;;;
;;;1666;Histoire Amoureuse des Gaules, oder kurtzweilige Liebes-Geschichten fürnehmer Stands-Personen am Königl. Hoff zu Pariß;Deutsch ;Leipzig;Lüttich;;;;Cte Roger de Bussy-Rabutin;;Histoire amoureuse des Gaules;Französisch;;;;;;;
; VD17 23:285615M;Joachim Caesar;1615; Glücks und Liebes-Kampff : Gantz klegliche Tragoedi/ in fünff LiebesHistorien eingetheilet;Deutsch ;Leipzig ;Nerlich, Nikolaus/Nerlich, Cristoph;;;http://resolver.sub.uni-goettingen.de/purl?PPN778195503 [;François de Belleforest;1659;Les Histoires tragiques de l’invention de l’auteur?;Französisch;;;;;Roman;;
;VD17 23:328744Z;Moritz Brandt;1601; Phoenicia. Eine Liebliche/ und Gedechtniswirdige History/ was massen ein Arragonischer Graffe de Colisan, sich in eine Edle und Tugendreiche Sicilianische Jungfraw Phoenicia genandt/ verliebete;Deutsch ;Magdeburg;"Francke, Johann 
 ";;; http://diglib.hab.de/drucke/lm-328/start.htm;François de Belleforest;1659;Les Histoires tragiques de l'invention de l'auteur;Französisch;;;;;Roman;;
; VD17 1:663459A;Wolfgang Seidel;1624;Lieb: Tugendt und Ehrenspiegel/ Vermittels Herrn Timbrei von Cardona Lieb/ gegen Phoeniciam Lionati, Dero wunderbaren begegnussen und endlicher Ehevollstreckung;Deutsch ;Hof;Pfeilschmidt, Matthäus;in Teutscher Sprach vorgestellet;;;François de Belleforest;?;?;Französisch;;;;;Roman ;;
;VD17 23:739134B;?;1679;Vollkommener Abriß Oder Warhafftiger Entwurff Eines Außbündigen Meisterstücks der Natur/ in der Durchleuchtigsten und Hochgebornen Brisaide, Prinzessin von Montserat ;Deutsch ;Leipzig ;Kirchner, Christian;;;http://diglib.hab.de/drucke/xb-12f-231/start.htm;Sébastien de Brémond;1645-1705 ;La Princesse de Montserrat ;Französisch;;;;;Roman;;
;VD17 23:666902E;?;1700;Cupido im Bad/ Oder Die verliebten Begebenheiten einiger hoher Standspersonen;Deutsch ;Nürnberg;Helmers, Johann Rudolfs;;;;Louise de Bossigny?;1698;Cupidon dans le bain;Französisch;;;;;Roman;;
;VD17 23:639737E;?;1699;Das Verderbte Kind/ Oder: Vorstellung Eines in allen Lastern und Untugenden ersoffenen/ nachgehends aber wieder bekehrten Menschens (2 Bde);Deutsch ;o.O. (Nürnberg?);?;;;;?;?;?;Französisch;;;;;Roman;;
;;;;;;;;;;;;;;;;;;;;;
;VD17 23:336469D;?;1697;Der berühmte Marschall Von Bouflers, Nach seiner Galanterie beschrieben und auffgeführet. Oder Umständliche Erzehlung aller Liebes-Händel/ welche sich mit ihm ... biß auf die Vermählung Mit Mademoiselle Von Grammont zugetragen haben;Deutsch ;o.O.;?;;;;?;?;Histoire des amours du marechal de Boufflers, ou ses intrigues galantes avant son mariage avec Mlle. de Grammont;Französisch;;;;;Roman;;
;VD17 39:120032A;?;1670;Der Clorinden ... Theil. Oder Liebs-Geschicht/ Von den Römischen warhafften Geschichten/ und dem Krieg/ welchen der König Mithridates in Ponto viel und lange Jahr mit den Römern geführet/ hergenommen/ und mit schönen anmuthigen Erffindungen außgeführt (2 Bde);Deutsch ;Frankfurt am Main ;Schiele, Johann Georg;übergesetzt;in die Teutsche Sprach übergesetzt;;?;?;Clorinde;Französisch;;;;;Roman;;
;VD17 39:131643E;Heinrich Friedrich von Hohenlohe-Langenburg;1683; Der Fürstin von Fez Geschicht ;Deutsch ;Rotenburg;Millenau, Noah, von;übergesetzt;ins Teutsche übergesetzt;;Jean de Préchac;1681;La princesse de Fez;Französisch;;;;;Roman;;
; VD17 1:017678E ;Perseus Sperans;1670;Der Königliche Einspruch/ Abgelegt von dem Fürtrefflichen Romant/ oder so genanten Jean De Paris, König aus Franckreich/ Wider den damaligen allbereit verlobten König aus Engeland;Deutsch ;Nürnberg;Tauber, Johann Daniel/Miltenberger, Johann Philipp;übersetzt;ins Hochteutsch übersetzt;http://mdz-nbn-resolving.de/urn:nbn:de:bvb:12-bsb10925984-4;?; 1530 - 1540;;Französisch;;;;;Roman;;
;VD17 23:287505H;Georg Andreas Richter;1644;Ariana;Deutsch ;Leiden;Hegerus, Franciscus;auß derselben Teutsch gegeben;;http://resolver.sub.uni-goettingen.de/purl?PPN782300588 ;?;?;?;Französisch;;;;;Roman;;
;VD17 23:329549F;?;1683;Entführung Der Preißwürdigen Helena von Amsterdam;Deutsch ;Basel;Richter, Johann Philipp;übersetzt;in das Teutsche übersetzt;http://resolver.sub.uni-goettingen.de/purl?PPN826369308 ;?;1683;Ravissement de l'Hélène d'Amsterdam;Französisch;;;;;Roman;;
;VD17 23:665496N;?;1676;Ismeniens und Agesilans Unglückselige Liebe;Deutsch ;Frankfurt am Main ;?;übersetzet;ins Teutsche übersetzet;;;;;Französisch;;;;;Roman;;
;VD17 23:284731V;?;1633;La Clytie de la Cour. Oder Anmutige/ Hertzenserquickende/ mit vielen Amorosischen und discreten Discoursen, auch mancherley vermischten wundersamen Historischen Liebsblumen gezierte Vorstellung/ der vielfältigen/ bedencklichen Eigenschafften/ Qualiteten, Affecten, Passionen und Verenderungen Liebhaffter Personen ;Deutsch ;Leipzig/Zwickau; Grosse, Johann/Göpner, Melchior;in den Mantel unserer Teutschen Muttersprach ... an Tag gegeben;;;Jean-Puget de La Serre;1635;La Clytie de la Cour;Französisch;;;;;Roman;;
;VD17 23:328662S;"Marquard von Stein
 ";1682;Ritter von Thurn. Zuchtmeister der Weiber und Jungfrauen;Deutsch ;Nürnberg;Endter, Michael/Endter, Johann Friedrich;übersetzt;in das Teutsche übersetzt;http://diglib.hab.de/drucke/lm-18a/start.htm;Geoffroy de La Tour Landry;1371;Le Livre du chevalier de la Tour Landry pour l’enseignement de ses filles;Französisch;;;;;Roman;;
;VD17 23:280936B;Wolfgang Seidel;1627;Lieb Tugend und Ehrenspiegel;Deutsch ;Coburg;Gruner, Friedrich/Forckel, Johann; in Deutschen Sprach vorgestelt;;;François de Belleforest;?;?;Französisch;;;;;Roman;;
;VD17 23:667656F;?;1668;Lupanie : Eine in diesem Seculo fürgefallene Liebes-Geschicht ;Deutsch ;o.O.;?;;;;Mutmaßl. Verf. Roger Bussy-Rabutin, auch Pierre-Corneille Blessebois zugeschr.;1668;Lupanie, histoire amoureuse de ce temps;Französisch;;;;;Roman;;
;VD17 12:643127T;Johann Naumann;1664;Geschichte in welcher Philippa von Cathana als ein Beyspiel Unglücklicher Unglückseeligkeit vorgestellet wird;Deutsch ;Hamburg;Naumann, Johann;in das Hochteutsche versetzet;;http://mdz-nbn-resolving.de/urn:nbn:de:bvb:12-bsb10919207-7 ;Matthieu Pierre;1617;Aelius Seianus;Französisch;;;;;Roman;;
;VD17 1:084695E;Johann Naumann ;1664;Favoriten-Fall oder Unglückliche Glückseligkeit Aelius Seianus ;Deutsch ;Hamburg;Naumann, Johann;übersetzet;In die Hoch-Teutsche übersetzet;http://mdz-nbn-resolving.de/urn:nbn:de:bvb:12-bsb10919206-2;Matthieu Pierre;1617;Aelius Seianus;Französisch;;;;;Roman;;
;VD17 39:120112T;F. C. V. B.;1615;Die Schäffereyen Von der schönen Juliana. Das ist: Von den Eygenschafften/ unnd ungleichen Würckungen der Liebe: ein herrliches Gedicht;Deutsch ;Frankfurt am Main ;"Rosa, Jonas/Hoffmann, Nikolaus <der Ältere>
 ";ins Teutsch gebracht;; https://nbn-resolving.org/urn:nbn:de:urmel-fb53e082-82dc-4693-91f2-0dffbb0b1fce6;"Nicolas de Montreux	";1585;Les bergeries de Juliette ;Französisch;;;;;Roman;;
;VD17 23:302068X;?;1697;Lebens- und Liebes-Beschreibung Der Gräfin D***;Deutsch ;Frankfurt am Main/Leipzig;Helmers, Johann Rudolf;;;http://diglib.hab.de/drucke/qun-934-1s/start.htm;Henriette Julie de Castelnau de Murat;1697;La Défense des femmes ou Mémoires;Französisch;;;;;Roman;;
;VD17 39:120044X;J. S. V. G.;1684;Die Ehrgeitzige Grenaderin;Deutsch ;Zeitz;?;verdeutschet ;;http://resolver.sub.uni-hamburg.de/goobi/PPN75590429X;Jean de Préchac;1679;L 'ambitieuse Grenadine;Französisch;;;;;Roman;;
;VD17 23:284121F;?;1630;Theatri Amoris, Oder Schawplatzes der Liebe Dritter Theil;Deutsch ;Frankfurt am Main;Jennis, Lucas;zum trewlichsten verteutscht;;http://diglib.hab.de/drucke/45-3-eth-3s/start.htm;Abraham Ravaud;1624;Amours d'Endymion et de la Lune;Französisch;;;;;Roman;;
;VD17 7:667594M ;Eleonore <Österreich, Erzherzogin>;1657;Ritter Pontus : Eine Zierliche/ Ruhmreiche und fruchtbare Histori von dem Edlen ... Ritter Ponto;Deutsch ;Nürnberg;Endter, Michael; in Teutsch bracht;;http://resolver.sub.uni-goettingen.de/purl?PPN792612280;Geoffroi de La Tour Landry;1350-1450;L'Histoire du noble roy Ponthus de Galice ;Französisch;;;;;Roman;;
;VD17 1:011738H;?;1608;Schatzkammer/ Schöner/ zierlicher Orationen/ Sendbriefen/ Gesprächen/ Vorträgen/ Vermahnungen/ und dergleichen;Deutsch ;Straßburg;Zetzner, Lazarus;;Auß den vier un[d] zwentzig Büchern deß Amadis vo[n] Franckreich zusam[m]en gezogen. Und allen derselben Liebhabern/ und sonderlich allen denen so sich Teutscher Sprach Lieblichkeit und Zierd befleissigen zu gutem in Truck gegeben;http://nbn-resolving.de/urn:nbn:de:gbv:3:1-621362; Garci Rodríguez de Montalvo ;1508;Amadis de Gaula (Teilübersetzung);Französisch;;;;;Roman;;
;VD17 3:602298K;?;1668;Celinte Nowelle Premiere. Das ist: Der Trew-Beständigen Liebhaberin Celinte Und des tapffern Polyanten Liebes-Geschicht;Deutsch ;Frankfurt am Main;Schiele, Johann Georg;übersetzt ; in unser Hoch-Teutsche Sprach übersetzt ;;Madeleine de Scudéry ;1661;Célinte, nouvelle première;Französisch;;;;;Roman;;
;VD17 12:653204R;?;1672;Die Falsche Clelia;Deutsch ;Frankfurt am Main ;" Zubrod, Johann Peter/Humm, Anna Maria
 ";übersetzet;in die Hochteutsche Sprach übersetzet;http://mdz-nbn-resolving.de/urn:nbn:de:bvb:12-bsb10861781-5; Adrien Thomas Perdou de Subligny;1670;La fausse Clélie;Französisch;;;;;Roman;;
;VD17 23:329445V;Johann Friedrich <Brandenburg-Ansbach, Markgraf>;1678;Der Boulognesische Hund/ Oder Der Getreue Liebhaber;Deutsch;Onolzbach; Kretschmann, Jeremias ;übersetzt; in das Teutsche übersetzt;http://diglib.hab.de/drucke/lm-3546a/start.htm ;Antoine Torche;1668;La Chien de Boulogne ou L'Amant fidèle;Französisch;;;;;Roman;;
;VD17 23:302196G;Völcker, Rupert/Beckmann, Andreas;;Liebes Und Lebens-Geschichte Deß Alcidalis Und der Zelide /;Deutsch;Berlin/Frankfurt an der Oder;;übersetzet;ins Teutsche übersetzet;http://resolver.staatsbibliothek-berlin.de/SBB0000DED400000000; Vincent Voiture;1667;L'Histoire D'Alcidalis Et de Zelide;Französisch;;;;;Roman;;
;VD17 23:666333Z;Christoph Kormat;1670;Weiber-Schule oder Wahrhaffte Spahn-nagel neue Liebes-Geschichte Der Lupanie;Deutsch;o. O.;?;;;http://resolver.sub.uni-hamburg.de/goobi/PPN768548659;"Mutmaßl. Verf. Roger Bussy-Rabutin, auch Pierre-Corneille Blessebois zugeschr.	";1668;Lupanie, histoire amoureuse de ce temps;Französisch;;;;;Roman;;
;VD17 23:275038M;Matthäus Hoffstetter;1611;Der Edele Sonnenritter/ welcher mit sonderlicher Kriegßkunst gar artlich vorbildet die Wanderschafft deß Menschen Lebens;Deutsch;Gießen;Chemlinus, Kaspa;in Teutsche Sprach vertirt worden;Erstlich in Hispanische/ hernach in Italienische an jetzo aber in Teutsche Sprach vertirt worden;http://resolver.sub.uni-hamburg.de/goobi/PPN768548659;Pedro Hernández de Villalumbrales;1552;Caballero del sol;Spanisch;Meffer Pietro Lauro;1607;Il Cavallier del sole ;Italienisch;Roman;;
;VD17 23:253529Z;Niccolò Machiavelli;1665;Des Glükkes Wunderbahres Spiel ;Deutsch;Grönau;" Fürstl. Niedersächsche Privilegirte Buchdrukkerey/Hunholtz, Paul
 ";übersetzet;;http://diglib.hab.de/drucke/db-834/start.htm;Niccolò Machiavelli;1520;La vita di Castracani da Lucca;Italienisch;;;;;Roman;;
;VD17 23:282168B;;1624;Lustige Amorosische Discurs und Historien der Schäfereyen/ von der schönen verliebten Diana, und dem vergessenen Syreno;Deutsch;Leipzig ;Wachsmann, Michael;in die Hochdeutsche Sprache versetzet;;http://digital.slub-dresden.de/id359741940 ;Jorge de Montemayor;1559;Diana;Spanisch;;;;;Roman;;
;VD17 12:652206B;?;1680;Das wunderbare Leben Des listigen und lustigen Biscajino;Deutsch;o.O.;Vom Hamelstern, Cyrus; in die Niederländische gebracht / jetzt aber ins Hochteutsche versetzet;In Spanischer Sprach beschrieben und auß selbiger in die Niederländische gebracht / jetzt aber ins Hochteutsche versetzet;http://mdz-nbn-resolving.de/urn:nbn:de:bvb:12-bsb10862270-4;;;;Spanisch;;;;Niederländisch;Roman;;
;VD17 12:635490G;?;1996;Der Spannische Waghalß: Oder/ Des von Lieb bezauberten Ritters/ Don Quixott von Quixada Gantz Neue Ausschweiffung Auf seiner Weissen Rosinannta/ Mit Seinem verwegnen Waffenträger Santscho Panscha/ Auf seiner Schwartzen Flanckina;Deutsch;Nürnberg;Tauber, Johann Daniel;[in Teutscher Sprach Gedruckt];;http://mdz-nbn-resolving.de/urn:nbn:de:bvb:12-bsb10607208-6;"Miguel de Cervantes 	";1606-1615;El ingenioso hidalgo Don Quixote de la Mancha;Spanisch;;;;;Roman;;
;VD17 23:277876Z;?;1617;Unzeitiger Furwitz : Eine Newe unnd schöne Historia;Deutsch;o.O.;?;(aus Spanischer Sprach) in die Deutsche bracht ;;;Miguel de Cervantes ;1606-1615 ;El ingenioso hidalgo Don Quixote de la Mancha;Spanisch;;;;;Roman;;
;VD17 12:645297C;Matthäus Drummer;1666;Noches de Invierno, Winternächte;Deutsch;Nürnberg;Lochner, Christoph;in die Teutsche Sprach versetzet;;http://mdz-nbn-resolving.de/urn:nbn:de:bvb:12-bsb10577176-6;Antonio de Eslava;1609;Noches de Invierno;Spanisch;;;;;Roman;;
;VD17 1:000299A;Ulrich Sattler ;1603;Historia Von dem Leben unnd Thaten/ beyder heyligen Beichtiger unnd Eremiten/ Barlaam unnd Josaphats;Deutsch;Dillingen;Meltzer, Adam; in unsere Teutsche Sprach gebracht;Durch Joannem Damascenum vor 900. Jahren inn Griechischer Sprach beschriben: Hernach durch Georgium Trapezuntium in das Latein/ und jetzt in unsere Teutsche Sprach gebracht Durch Ulrichen Satler;http://resolver.staatsbibliothek-berlin.de/SBB00030C1700000000;Johannes <Damascenus> (Verfasserschaft umstritten);951-1000;[Barlaam und Josaphat];Griechisch;[fälschlich Georgius <Trapezuntius> zugeschrieben];1539;Historia Josaphat et Barlaam;Latein;Roman;;
;VD17 39:139240V;Niklas von Wyle;1605;Eine Liebliche Unnd Warhafftige History/ Von zweyen sich lieb habenden/ Menschen/ Euriolo/ und Lucretia;Deutsch;Frankfurt an der Oder ;Hartman, Friedrich;verdeutscht;;https://nbn-resolving.org/urn:nbn:de:urmel-43e503e7-835f-4f10-a43b-b818e68c63448;Pius, II. <Papst>;1488;Historia de duobus amantibus Eurialo et Lucretia;Latein;;;;;Roman;;
;VD17 12:132949W;Johann Sieder;1605;Sehr liebliches/ kurtzweiliges künstliches und nützliches Gedicht Lucii Apuleii/ deß Fürtrefflichen/ Weitberüm[m]ten/ alten Philosophi unnd Oratoris;Deutsch;Frankfurt am Main;Palthenius, Zacharias;ubersetzt ;ins Hochteutsch ubersetzt;http://mdz-nbn-resolving.de/urn:nbn:de:bvb:12-bsb10243708-2 ;Apuleius <Madaurensis>;101-200;Metamorphoses [Der goldene Esel];Latein;;;;;Roman;;
;VD17 32:633649V;Johann Fischart;1607;Aller Practick Großmutter;Deutsch;o.O.;?;;;;François Rabelais;1532-1564;Gargantua und Pantagruel?;Französisch;;;;;Roman;;
;VD17 39:139055D;Johann Christoph Artopoeus;1610;Ismenius/ Oder ein Vorbild stäter Liebe/ Das ist/ Die Histori von der stäten Liebe deß Jünglings Ismenii und der Jungfrawen Ismene gegeneinander;Deutsch;Straßburg ;Karolus, Johann;in Teutsch gefertiget;Erstlich durch Eustachium Philosophum in Griechischer sprach beschrieben/ nachmals durch Lelium Carani in Italiano transferiert/ jetzt aber von Joh. Christ. Artopeo/ genandt Wolckenstern in Teutsch gefertiget;http://digital.slub-dresden.de/id404840507; Eustathius <Macrembolites>;1151-1200;Τὰ καθ' Ὑσμίνην καì Ὑσμινίαν (11 Bände);Griechisch;Lelio Carani;1617;De Ismeniae et Ismenes amoribus;Latein;Roman;s. Übersetzung von Georg Schirmer;
;VD17 3:716094R;Jacob Rathgeb;1610;Das Viertzehende Buch der rechten Historien vom Amadis auß Franckreich;Deutsch ;Frankfurt am Main ; Tambach, Gottfried/Saur, Johannes;in unser Teutsche Spraach gefertigt ;;http://nbn-resolving.de/urn:nbn:de:gbv:3:1-345884; Garci Rodríguez de Montalvo ;1508;Amadís de Gaula;Französisch;;;;;Roman;;
;VD17 1:666699A;Ambrosius Kolb;1665;Pilgerfahrt Columbae und Claudiae zu Ihrem geliebte[n] Breutiga[m] in Hierusalem;Deutsch ;Kölln;Münich, Konstantin; [Interprete ?];;https://nbn-resolving.de/urn:nbn:de:hbz:466:1-51716;Boëce a Bolswert ?;?;?;?;;;;;Roman;;
;VD17 18:725761L;?;1667;Histoire Galante de Monsieur Le Conte de Guiche Et Madame (deutsch);Deutsch ;o.O.;?;;;http://resolver.sub.uni-hamburg.de/goobi/PPN741711230 ;Roger de Bussy-Rabutin (vermutlich);1667;;Französisch;;;;;Roman ;;
;VD17 384:754795R;Christian von Ryssel;1675;Die eyfersüchtige Zelodyte ;Deutsch ;o.O.;?;übersetzt ;;;René Le Pays;?;?;Französisch;;;;;Roman ;;
;VD17 23:329500M;Georg Philipp Beer;1678;Beschreibung der gepflogenen Liebe Ihrer Königlichen Hoheit Mademoiselle Regierender Fürstin von Dombes mit dem Herrn Grafen von Lauzun;Deutsch ;o.O.;?;ins Teutsche versetzt;;http://mdz-nbn-resolving.de/urn:nbn:de:bvb:12-bsb10062820-0;?;;Les amours de Mademoiselle avec M. le comte de Lauzun ;Französisch;;;;;Roman ;;
;VD17 12:635327K;Abraham Exter;1680;Compaß Der Liebe;Deutsch ;o.O.;;übersetzet; ins Teutsche übersetzet;http://mdz-nbn-resolving.de/urn:nbn:de:bvb:12-bsb10091074-5;?;?;?;Französisch;;;;;Roman ;;
;VD17 12:635038G;?;1684;Der über die in denen Niederlanden bekriegte und besiegte Liebes-Festungen Siegprangende Grosse Alcandre ;Deutsch ;o.O.;?;übersetzet;Dem Neuigkeiten-begierigen Leser zu sonderem Gefallen und ergetzendem Nachricht/ aus dem Frantzösischen in das Hochteutsche übersetzet;http://mdz-nbn-resolving.de/urn:nbn:de:bvb:12-bsb10087457-7 / http://mdz-nbn-resolving.de/urn:nbn:de:bvb:12-bsb10780570-4 ;Gatien de Courtilz de Sandras ;1684;Les conquestes amoureuses du grand Alcandre dans les Pays-Bas;Französisch;;;;;Roman ;;
;VD17 1:666561Q;?;1696;Simplicianischer Jan. Perus;Deutsch ;Frankfurt am Main;Röder, Johann Wolfgang;;;http://resolver.staatsbibliothek-berlin.de/SBB0001CA9700000000 ;Richard Head;1665;English Rogue: Described, in the Life of Meriton Latroon;Englisch;;;;;Roman ;;
